seed,run_name,run_root,maps_path,summary_path,batch_index,sample_index,split,location,event,start_idx,input_steps,pred_steps,alignment_mode,scenario_key,cell_count,target_wet_fraction,pred_wet_fraction,wet_fraction_contraction,low_margin_fraction,false_dry_rate,false_dry_cell_fraction,target_peak_depth,prediction_peak_depth,peak_underprediction,mean_bias,underprediction_bias,mae,rmse,boundary_available,boundary_false_dry_rate,high_intensity_reason,low_margin_component,false_dry_component,wet_fraction_contraction_component,peak_underprediction_component,underprediction_bias_component,boundary_component,high_intensity_location2_component,cross_seed_disagreement_component,risk_score,risk_category
seed123,phase10_margin_aware_boundary_band_seed123_40e,runs\phase10_margin_aware_boundary_band_seed123_40e,runs\phase10_margin_aware_boundary_band_seed123_40e\evaluation_test\test_batch_0011\forecast_maps.npz,runs\phase10_margin_aware_boundary_band_seed123_40e\evaluation_test\test_batch_0011\summary.json,11,1,test,location2,r300y_p0.8_d3h,0,12,12,mass_preserving,location2|r300y_p0.8_d3h|0,196608,0.09125773111979167,0.041188557942708336,0.5486567829673392,0.027130126953125,0.5846616876602385,0.053354899088541664,2.8395590782165527,1.3124234676361084,1.5271356105804443,-0.020557911733161658,0.020557911733161658,0.025568687125680434,0.09742745060894134,True,0.682092555331992,location2_r300y_high_intensity,0.0,2.0,1.1959703489020175,1.5,0.5185970577720552,1.0,2.5,0.020571851730346685,8.73513925840442,high-risk
seed42,phase10_margin_aware_boundary_band_seed42_40e,runs\phase10_margin_aware_boundary_band_seed42_40e,runs\phase10_margin_aware_boundary_band_seed42_40e\evaluation_test\test_batch_0011\forecast_maps.npz,runs\phase10_margin_aware_boundary_band_seed42_40e\evaluation_test\test_batch_0011\summary.json,11,1,test,location2,r300y_p0.8_d3h,0,12,12,mass_preserving,location2|r300y_p0.8_d3h|0,196608,0.09125773111979167,0.043970743815104164,0.5181696577861999,0.031656901041666664,0.5758555345000558,0.05255126953125,2.8395590782165527,1.1315656900405884,1.7079933881759644,-0.019032262086538052,0.019032262086538052,0.026265675541442074,0.09955135308034255,True,0.7117706237424547,location2_r300y_high_intensity,0.0,2.0,1.1045089733585998,1.5,0.46774206955126835,1.0,2.5,0.020571851730346685,8.592822894640216,high-risk
seed42,phase10_margin_aware_boundary_band_seed42_40e,runs\phase10_margin_aware_boundary_band_seed42_40e,runs\phase10_margin_aware_boundary_band_seed42_40e\evaluation_test\test_batch_0009\forecast_maps.npz,runs\phase10_margin_aware_boundary_band_seed42_40e\evaluation_test\test_batch_0009\summary.json,9,0,test,location2,r300y_p0.6_d3h,0,12,12,mass_preserving,location2|r300y_p0.6_d3h|0,196608,0.08835856119791667,0.047826131184895836,0.4587266866221506,0.036631266276041664,0.510994704121575,0.0451507568359375,2.7899465560913086,1.0704457759857178,1.7195007801055908,-0.020019122721598687,0.020019122721598687,0.02642407461105421,0.10325791473346656,True,0.6557146622155846,location2_r300y_high_intensity,0.0,1.826643129429222,0.9261800598664519,1.5,0.5006374240532895,1.0,2.5,0.16091416676839193,8.414374780117354,high-risk
seed123,phase10_margin_aware_boundary_band_seed123_40e,runs\phase10_margin_aware_boundary_band_seed123_40e,runs\phase10_margin_aware_boundary_band_seed123_40e\evaluation_test\test_batch_0009\forecast_maps.npz,runs\phase10_margin_aware_boundary_band_seed123_40e\evaluation_test\test_batch_0009\summary.json,9,0,test,location2,r300y_p0.6_d3h,0,12,12,mass_preserving,location2|r300y_p0.6_d3h|0,196608,0.08835856119791667,0.049250284830729164,0.44260879576329726,0.034311930338541664,0.484285056412618,0.042790730794270836,2.7899465560913086,1.4618170261383057,1.328129529953003,-0.018155127327590115,0.018155127327590115,0.025405211114805787,0.10117675408162265,True,0.5892998330844241,location2_r300y_high_intensity,0.0,1.7079335840560799,0.8778263872898917,1.5,0.43850424425300377,0.8785996661688482,2.5,0.16091416676839193,8.063778048536216,high-risk
seed202,phase10_margin_aware_boundary_band_seed202_40e,runs\phase10_margin_aware_boundary_band_seed202_40e,runs\phase10_margin_aware_boundary_band_seed202_40e\evaluation_test\test_batch_0011\forecast_maps.npz,runs\phase10_margin_aware_boundary_band_seed202_40e\evaluation_test\test_batch_0011\summary.json,11,1,test,location2,r300y_p0.8_d3h,0,12,12,mass_preserving,location2|r300y_p0.8_d3h|0,196608,0.09125773111979167,0.0518341064453125,0.43200312116820866,0.032780965169270836,0.49693456693791105,0.04534912109375,2.8395590782165527,1.295573115348816,1.5439859628677368,-0.016732756135930296,0.016732756135930296,0.023557767760295972,0.09109659551631347,True,0.5919684775318578,location2_r300y_high_intensity,0.0,1.76415363083516,0.8460093635046261,1.5,0.39109187119767647,0.8839369550637155,2.5,0.020571851730346685,7.905763672331525,high-risk
seed123,phase10_margin_aware_boundary_band_seed123_40e,runs\phase10_margin_aware_boundary_band_seed123_40e,runs\phase10_margin_aware_boundary_band_seed123_40e\evaluation_test\test_batch_0012\forecast_maps.npz,runs\phase10_margin_aware_boundary_band_seed123_40e\evaluation_test\test_batch_0012\summary.json,12,0,test,location2,r300y_p0.8_d3h,6,12,12,mass_preserving,location2|r300y_p0.8_d3h|6,196608,0.060145060221354164,0.040242513020833336,0.33090909090909093,0.0312957763671875,0.4082875264270613,0.024556477864583332,2.4863128662109375,1.4905707836151123,0.9957420825958252,-0.012475921625177633,0.012475921625177633,0.019667437371804302,0.07346485404898151,True,0.4620638271451633,location2_r300y_high_intensity,0.0,1.370166784120272,0.5427272727272728,1.1186131238937378,0.24919738750592108,0.6241276542903267,2.5,0.0,6.4048322225375305,high-risk
seed202,phase10_margin_aware_boundary_band_seed202_40e,runs\phase10_margin_aware_boundary_band_seed202_40e,runs\phase10_margin_aware_boundary_band_seed202_40e\evaluation_test\test_batch_0009\forecast_maps.npz,runs\phase10_margin_aware_boundary_band_seed202_40e\evaluation_test\test_batch_0009\summary.json,9,0,test,location2,r300y_p0.6_d3h,0,12,12,mass_preserving,location2|r300y_p0.6_d3h|0,196608,0.08835856119791667,0.067169189453125,0.23981119042136773,0.043507893880208336,0.3060672346304398,0.027043660481770832,2.7899465560913086,1.3228778839111328,1.4670686721801758,-0.014258826537970113,0.014258826537970113,0.02162610280865374,0.08958158714086317,True,0.4020908372133884,location2_r300y_high_intensity,0.0,0.9158543761352878,0.26943357126410317,1.5,0.30862755126567043,0.5041816744267769,2.5,0.16091416676839193,6.15901133986023,high-risk
seed42,phase10_margin_aware_boundary_band_seed42_40e,runs\phase10_margin_aware_boundary_band_seed42_40e,runs\phase10_margin_aware_boundary_band_seed42_40e\evaluation_test\test_batch_0012\forecast_maps.npz,runs\phase10_margin_aware_boundary_band_seed42_40e\evaluation_test\test_batch_0012\summary.json,12,0,test,location2,r300y_p0.8_d3h,6,12,12,mass_preserving,location2|r300y_p0.8_d3h|6,196608,0.060145060221354164,0.048136393229166664,0.199661733615222,0.039301554361979164,0.3443551797040169,0.020711263020833332,2.4863128662109375,1.3503979444503784,1.135914921760559,-0.00921797084153834,0.00921797084153834,0.018787042992044617,0.06877529722707812,True,0.45746926611200794,location2_r300y_high_intensity,0.0,1.0860230209067416,0.148985200845666,1.3288723826408386,0.14059902805127797,0.614938532224016,2.5,0.0,5.819418164668541,high-risk
seed123,phase10_margin_aware_boundary_band_seed123_40e,runs\phase10_margin_aware_boundary_band_seed123_40e,runs\phase10_margin_aware_boundary_band_seed123_40e\evaluation_test\test_batch_0007\forecast_maps.npz,runs\phase10_margin_aware_boundary_band_seed123_40e\evaluation_test\test_batch_0007\summary.json,7,1,test,location2,r200y_p0.5_d3h,0,12,12,mass_preserving,location2|r200y_p0.5_d3h|0,196608,0.07773335774739583,0.043024698893229164,0.4465091932212262,0.030512491861979168,0.47732774978734543,0.037104288736979164,2.6825506687164307,1.3884646892547607,1.29408597946167,-0.014783461887989341,0.014783461887989341,0.02225274683336409,0.08622933281898958,True,0.5567183334978774,weak_high_intensity_token,0.0,1.6770122212770904,0.8895275796636785,1.5,0.32611539626631136,0.8134366669957547,0.5,0.0,5.706091864202834,high-risk
seed42,phase10_margin_aware_boundary_band_seed42_40e,runs\phase10_margin_aware_boundary_band_seed42_40e,runs\phase10_margin_aware_boundary_band_seed42_40e\evaluation_test\test_batch_0007\forecast_maps.npz,runs\phase10_margin_aware_boundary_band_seed42_40e\evaluation_test\test_batch_0007\summary.json,7,1,test,location2,r200y_p0.5_d3h,0,12,12,mass_preserving,location2|r200y_p0.5_d3h|0,196608,0.07773335774739583,0.045313517252604164,0.4170647124255709,0.034698486328125,0.4667931688804554,0.036285400390625,2.6825506687164307,1.2969319820404053,1.3856186866760254,-0.014660634769145526,0.014660634769145526,0.021929409665880657,0.08550821483228865,True,0.6019350380096752,weak_high_intensity_token,0.0,1.6301918616909128,0.8011941372767128,1.5,0.3220211589715175,0.9038700760193503,0.5,0.0,5.657277233958493,high-risk
seed202,phase10_margin_aware_boundary_band_seed202_40e,runs\phase10_margin_aware_boundary_band_seed202_40e,runs\phase10_margin_aware_boundary_band_seed202_40e\evaluation_test\test_batch_0012\forecast_maps.npz,runs\phase10_margin_aware_boundary_band_seed202_40e\evaluation_test\test_batch_0012\summary.json,12,0,test,location2,r300y_p0.8_d3h,6,12,12,mass_preserving,location2|r300y_p0.8_d3h|6,196608,0.060145060221354164,0.047170003255208336,0.21572938689217758,0.034159342447916664,0.2905708245243129,0.017476399739583332,2.4863128662109375,1.3747451305389404,1.111567735671997,-0.008952513123878384,0.008952513123878384,0.017049721212796232,0.06260910081596563,True,0.33974916180305476,location2_r300y_high_intensity,0.0,0.8469814423302793,0.19718816067653275,1.2923516035079956,0.13175043746261278,0.3794983236061095,2.5,0.0,5.347769967583529,high-risk
seed42,phase10_margin_aware_boundary_band_seed42_40e,runs\phase10_margin_aware_boundary_band_seed42_40e,runs\phase10_margin_aware_boundary_band_seed42_40e\evaluation_test\test_batch_0006\forecast_maps.npz,runs\phase10_margin_aware_boundary_band_seed42_40e\evaluation_test\test_batch_0006\summary.json,6,0,test,location2,r100y_p0.5_d3h,0,12,12,mass_preserving,location2|r100y_p0.5_d3h|0,196608,0.07245890299479167,0.046788533528645836,0.3542748841780149,0.0344696044921875,0.4270672469465113,0.03094482421875,2.62091064453125,1.2738840579986572,1.3470265865325928,-0.011734044839226661,0.011734044839226661,0.01998319832228188,0.0787791421171756,True,0.5477536753366917,weak_high_intensity_token,0.0,1.4536322086511613,0.6128246525340447,1.5,0.22446816130755534,0.7955073506733834,0.5,0.02296072642008464,5.109393099586229,high-risk
seed202,phase10_margin_aware_boundary_band_seed202_40e,runs\phase10_margin_aware_boundary_band_seed202_40e,runs\phase10_margin_aware_boundary_band_seed202_40e\evaluation_test\test_batch_0007\forecast_maps.npz,runs\phase10_margin_aware_boundary_band_seed202_40e\evaluation_test\test_batch_0007\summary.json,7,1,test,location2,r200y_p0.5_d3h,0,12,12,mass_preserving,location2|r200y_p0.5_d3h|0,196608,0.07773335774739583,0.048146565755208336,0.3806189884185042,0.029566446940104168,0.40227703984819735,0.031270345052083336,2.6825506687164307,1.2963391542434692,1.3862115144729614,-0.014936089220860552,0.014936089220860552,0.019834964122343892,0.08004955645302213,True,0.4768486523842433,weak_high_intensity_token,0.0,1.3434535104364322,0.6918569652555127,1.5,0.331202974028685,0.6536973047684866,0.5,0.0,5.020210754489117,high-risk
seed123,phase10_margin_aware_boundary_band_seed123_40e,runs\phase10_margin_aware_boundary_band_seed123_40e,runs\phase10_margin_aware_boundary_band_seed123_40e\evaluation_test\test_batch_0006\forecast_maps.npz,runs\phase10_margin_aware_boundary_band_seed123_40e\evaluation_test\test_batch_0006\summary.json,6,0,test,location2,r100y_p0.5_d3h,0,12,12,mass_preserving,location2|r100y_p0.5_d3h|0,196608,0.07245890299479167,0.046356201171875,0.36024147129018674,0.031178792317708332,0.4245402218166503,0.03076171875,2.62091064453125,1.4583251476287842,1.1625854969024658,-0.011207147934017496,0.011207147934017496,0.020482807617576763,0.07993443075870817,True,0.5015935026215689,weak_high_intensity_token,0.0,1.442400985851779,0.6307244138705602,1.3688782453536987,0.2069049311339165,0.7031870052431377,0.5,0.02296072642008464,4.875056307873177,caution
seed42,phase10_margin_aware_boundary_band_seed42_40e,runs\phase10_margin_aware_boundary_band_seed42_40e,runs\phase10_margin_aware_boundary_band_seed42_40e\evaluation_test\test_batch_0011\forecast_maps.npz,runs\phase10_margin_aware_boundary_band_seed42_40e\evaluation_test\test_batch_0011\summary.json,11,0,test,location2,r300y_p0.6_d3h,24,12,12,mass_preserving,location2|r300y_p0.6_d3h|24,196608,0.028925577799479168,0.021275838216145832,0.2644628099173554,0.019617716471354168,0.4126956215931071,0.011937459309895834,0.9036679267883301,0.974757969379425,0.0,-0.005237997287095388,0.005237997287095388,0.01035261500434712,0.028883637502174816,True,0.4621301775147929,location2_r300y_high_intensity,0.0,1.3897583181915867,0.3433884297520662,0.0,0.007933242903179587,0.6242603550295858,2.5,0.0,4.865340345876418,caution
seed42,phase10_margin_aware_boundary_band_seed42_40e,runs\phase10_margin_aware_boundary_band_seed42_40e,runs\phase10_margin_aware_boundary_band_seed42_40e\evaluation_test\test_batch_0009\forecast_maps.npz,runs\phase10_margin_aware_boundary_band_seed42_40e\evaluation_test\test_batch_0009\summary.json,9,1,test,location2,r300y_p0.6_d3h,6,12,12,mass_preserving,location2|r300y_p0.6_d3h|6,196608,0.0569000244140625,0.056508382161458336,0.00688298918387414,0.040252685546875,0.27666040940377223,0.015741984049479168,2.03947114944458,1.2982405424118042,0.7412306070327759,-0.00635787459729593,0.00635787459729593,0.01787579970969089,0.05991540532412028,True,0.38045577443028195,location2_r300y_high_intensity,0.0,0.7851573751278764,0.0,0.7368459105491638,0.045262486576530994,0.4609115488605639,2.5,0.13844838142395022,4.666625702538086,caution
seed202,phase10_margin_aware_boundary_band_seed202_40e,runs\phase10_margin_aware_boundary_band_seed202_40e,runs\phase10_margin_aware_boundary_band_seed202_40e\evaluation_test\test_batch_0006\forecast_maps.npz,runs\phase10_margin_aware_boundary_band_seed202_40e\evaluation_test\test_batch_0006\summary.json,6,0,test,location2,r100y_p0.5_d3h,0,12,12,mass_preserving,location2|r100y_p0.5_d3h|0,196608,0.07245890299479167,0.051371256510416664,0.2910290607889934,0.0314178466796875,0.34009546539379476,0.0246429443359375,2.62091064453125,1.3134779930114746,1.3074326515197754,-0.011494887551664772,0.011494887551664772,0.01770293393517516,0.0727624573049661,True,0.41040403001953324,weak_high_intensity_token,0.0,1.0670909573057543,0.4230871823669802,1.5,0.21649625172215903,0.5208080600390665,0.5,0.02296072642008464,4.250443177854044,caution
seed42,phase10_margin_aware_boundary_band_seed42_40e,runs\phase10_margin_aware_boundary_band_seed42_40e,runs\phase10_margin_aware_boundary_band_seed42_40e\evaluation_test\test_batch_0010\forecast_maps.npz,runs\phase10_margin_aware_boundary_band_seed42_40e\evaluation_test\test_batch_0010\summary.json,10,1,test,location2,r300y_p0.6_d3h,18,12,12,mass_preserving,location2|r300y_p0.6_d3h|18,196608,0.033025105794270836,0.027516682942708332,0.16679501001078084,0.021036783854166668,0.3342060680733097,0.011037190755208334,1.0229902267456055,1.1631747484207153,0.0,-0.005196014582151566,0.005196014582151566,0.010964435653293506,0.03117869159319018,True,0.38824162036207205,location2_r300y_high_intensity,0.0,1.0409158581035987,0.05038503003234254,0.0,0.0065338194050522025,0.4764832407241441,2.5,0.0,4.074317948265137,caution
seed123,phase10_margin_aware_boundary_band_seed123_40e,runs\phase10_margin_aware_boundary_band_seed123_40e,runs\phase10_margin_aware_boundary_band_seed123_40e\evaluation_test\test_batch_0009\forecast_maps.npz,runs\phase10_margin_aware_boundary_band_seed123_40e\evaluation_test\test_batch_0009\summary.json,9,1,test,location2,r300y_p0.6_d3h,6,12,12,mass_preserving,location2|r300y_p0.6_d3h|6,196608,0.0569000244140625,0.055775960286458336,0.019755072852417985,0.03692626953125,0.2462679896308215,0.014012654622395834,2.03947114944458,1.6559131145477295,0.3835580348968506,-0.0064129350665039315,0.0064129350665039315,0.017915367338895174,0.06297659765057725,True,0.3079696150379812,location2_r300y_high_intensity,0.0,0.6500799539147621,0.0,0.20033705234527588,0.04709783555013104,0.3159392300759624,2.5,0.13844838142395022,3.8519024533100814,caution
seed42,phase10_margin_aware_boundary_band_seed42_40e,runs\phase10_margin_aware_boundary_band_seed42_40e,runs\phase10_margin_aware_boundary_band_seed42_40e\evaluation_test\test_batch_0012\forecast_maps.npz,runs\phase10_margin_aware_boundary_band_seed42_40e\evaluation_test\test_batch_0012\summary.json,12,1,test,location2,r300y_p0.8_d3h,12,12,12,mass_preserving,location2|r300y_p0.8_d3h|12,196608,0.04296875,0.039830525716145836,0.07303503787878787,0.030431111653645832,0.2665719696969697,0.011454264322916666,1.1866930723190308,1.3347457647323608,0.0,-0.005391753008167567,0.005391753008167567,0.013050831239177843,0.040080131303445184,True,0.341553070914382,location2_r300y_high_intensity,0.0,0.7403198653198653,0.0,0.0,0.013058433605585573,0.38310614182876396,2.5,0.0,3.6364844407542147,caution
seed42,phase10_margin_aware_boundary_band_seed42_40e,runs\phase10_margin_aware_boundary_band_seed42_40e,runs\phase10_margin_aware_boundary_band_seed42_40e\evaluation_test\test_batch_0008\forecast_maps.npz,runs\phase10_margin_aware_boundary_band_seed42_40e\evaluation_test\test_batch_0008\summary.json,8,0,test,location2,r200y_p0.5_d3h,6,12,12,mass_preserving,location2|r200y_p0.5_d3h|6,196608,0.052866617838541664,0.036249796549479164,0.3143159515104868,0.03106689453125,0.39455455070232825,0.0208587646484375,1.7939974069595337,1.2346683740615845,0.5593290328979492,-0.00921154236479804,0.00921154236479804,0.015492153608324524,0.05364478358131579,True,0.49147994096337044,weak_high_intensity_token,0.0,1.309131336454792,0.4929478545314604,0.46399354934692383,0.140384745493268,0.6829598819267408,0.5,0.0,3.5894173677531853,caution
seed123,phase10_margin_aware_boundary_band_seed123_40e,runs\phase10_margin_aware_boundary_band_seed123_40e,runs\phase10_margin_aware_boundary_band_seed123_40e\evaluation_test\test_batch_0012\forecast_maps.npz,runs\phase10_margin_aware_boundary_band_seed123_40e\evaluation_test\test_batch_0012\summary.json,12,1,test,location2,r300y_p0.8_d3h,12,12,12,mass_preserving,location2|r300y_p0.8_d3h|12,196608,0.04296875,0.037562052408854164,0.12582859848484848,0.027364095052083332,0.2520123106060606,0.010828653971354166,1.1866930723190308,1.2784371376037598,0.0,-0.005773340517704552,0.005773340517704552,0.013385791343256334,0.04283347408835654,True,0.2930004594884362,location2_r300y_high_intensity,0.0,0.6756102693602692,0.0,0.0,0.025778017256818397,0.28600091897687246,2.5,0.0,3.48738920559396,caution
seed202,phase10_margin_aware_boundary_band_seed202_40e,runs\phase10_margin_aware_boundary_band_seed202_40e,runs\phase10_margin_aware_boundary_band_seed202_40e\evaluation_test\test_batch_0009\forecast_maps.npz,runs\phase10_margin_aware_boundary_band_seed202_40e\evaluation_test\test_batch_0009\summary.json,9,1,test,location2,r300y_p0.6_d3h,6,12,12,mass_preserving,location2|r300y_p0.6_d3h|6,196608,0.0569000244140625,0.060389200846354164,0.0,0.040583292643229164,0.14123536247430052,0.008036295572916666,2.03947114944458,1.4335790872573853,0.6058920621871948,-0.004556799682330646,0.004556799682330646,0.015370449297027225,0.05059381964113656,True,0.19003476245654694,location2_r300y_high_intensity,0.0,0.1832682776635578,0.0,0.5338380932807922,0.0,0.08006952491309388,2.5,0.13844838142395022,3.435624277281394,caution
seed42,phase10_margin_aware_boundary_band_seed42_40e,runs\phase10_margin_aware_boundary_band_seed42_40e,runs\phase10_margin_aware_boundary_band_seed42_40e\evaluation_test\test_batch_0010\forecast_maps.npz,runs\phase10_margin_aware_boundary_band_seed42_40e\evaluation_test\test_batch_0010\summary.json,10,0,test,location2,r300y_p0.6_d3h,12,12,12,mass_preserving,location2|r300y_p0.6_d3h|12,196608,0.041900634765625,0.047185262044270836,0.0,0.0305023193359375,0.23670793882010197,0.009918212890625,1.178109884262085,1.3571298122406006,0.0,-0.002933797878895648,0.002933797878895648,0.013037008594619112,0.038138655890948,True,0.3025210084033613,location2_r300y_high_intensity,0.0,0.6075908392004531,0.0,0.0,0.0,0.30504201680672266,2.5,0.0,3.4126328560071757,caution
seed123,phase10_margin_aware_boundary_band_seed123_40e,runs\phase10_margin_aware_boundary_band_seed123_40e,runs\phase10_margin_aware_boundary_band_seed123_40e\evaluation_test\test_batch_0010\forecast_maps.npz,runs\phase10_margin_aware_boundary_band_seed123_40e\evaluation_test\test_batch_0010\summary.json,10,1,test,location2,r300y_p0.6_d3h,18,12,12,mass_preserving,location2|r300y_p0.6_d3h|18,196608,0.033025105794270836,0.030059814453125,0.0897890035422763,0.019526163736979168,0.23810257200061605,0.007863362630208334,1.0229902267456055,1.1544888019561768,0.0,-0.005981491191394193,0.005981491191394193,0.011265973260732304,0.03240066840025048,True,0.27334647786341637,location2_r300y_high_intensity,0.0,0.6137892088916268,0.0,0.0,0.0327163730464731,0.24669295572683275,2.5,0.0,3.393198537664933,caution
seed123,phase10_margin_aware_boundary_band_seed123_40e,runs\phase10_margin_aware_boundary_band_seed123_40e,runs\phase10_margin_aware_boundary_band_seed123_40e\evaluation_test\test_batch_0011\forecast_maps.npz,runs\phase10_margin_aware_boundary_band_seed123_40e\evaluation_test\test_batch_0011\summary.json,11,0,test,location2,r300y_p0.6_d3h,24,12,12,mass_preserving,location2|r300y_p0.6_d3h|24,196608,0.028925577799479168,0.025899251302083332,0.10462458238086865,0.01788330078125,0.2343942324599965,0.006779988606770833,0.9036679267883301,1.0677762031555176,0.0,-0.004460080015106106,0.004460080015106106,0.009889958848166019,0.02613982358119298,True,0.2571992110453649,location2_r300y_high_intensity,0.0,0.5973076998222066,0.0,0.0,0.0,0.21439842209072985,2.5,0.0,3.3117061219129367,caution
seed123,phase10_margin_aware_boundary_band_seed123_40e,runs\phase10_margin_aware_boundary_band_seed123_40e,runs\phase10_margin_aware_boundary_band_seed123_40e\evaluation_test\test_batch_0010\forecast_maps.npz,runs\phase10_margin_aware_boundary_band_seed123_40e\evaluation_test\test_batch_0010\summary.json,10,0,test,location2,r300y_p0.6_d3h,12,12,12,mass_preserving,location2|r300y_p0.6_d3h|12,196608,0.041900634765625,0.042989095052083336,0.0,0.02667236328125,0.21534352998300557,0.009023030598958334,1.178109884262085,1.3149914741516113,0.0,-0.004235021657767596,0.004235021657767596,0.013884678727633359,0.04384734937853123,True,0.260192966075319,location2_r300y_high_intensity,0.0,0.5126379110355802,0.0,0.0,0.0,0.220385932150638,2.5,0.0,3.233023843186218,caution
seed42,phase10_margin_aware_boundary_band_seed42_40e,runs\phase10_margin_aware_boundary_band_seed42_40e,runs\phase10_margin_aware_boundary_band_seed42_40e\evaluation_test\test_batch_0006\forecast_maps.npz,runs\phase10_margin_aware_boundary_band_seed42_40e\evaluation_test\test_batch_0006\summary.json,6,1,test,location2,r100y_p0.5_d3h,6,12,12,mass_preserving,location2|r100y_p0.5_d3h|6,196608,0.048121134440104164,0.035044352213541664,0.2717471726033189,0.029317220052083332,0.3701511468132333,0.017812093098958332,1.6813663244247437,1.2063796520233154,0.4749866724014282,-0.0073577459638004645,0.0073577459638004645,0.013491643941151987,0.04368882478856663,True,0.44447572132301194,weak_high_intensity_token,0.0,1.20067176361437,0.3652415178099566,0.33748000860214233,0.07859153212668214,0.5889514426460238,0.5,0.0,3.070936264799175,caution
seed42,phase10_margin_aware_boundary_band_seed42_40e,runs\phase10_margin_aware_boundary_band_seed42_40e,runs\phase10_margin_aware_boundary_band_seed42_40e\evaluation_test\test_batch_0017\forecast_maps.npz,runs\phase10_margin_aware_boundary_band_seed42_40e\evaluation_test\test_batch_0017\summary.json,17,1,test,location3,r300y_p0.8_d3h,0,12,12,mass_preserving,location3|r300y_p0.8_d3h|0,196608,0.1666259765625,0.130157470703125,0.21886446886446886,0.08049519856770833,0.31001221001221,0.051656087239583336,1.9666359424591064,1.8844797611236572,0.08215618133544922,-0.014307431583110403,0.014307431583110403,0.03143706699845652,0.07482551309828935,True,0.39953571280520667,weak_high_intensity_token,0.3049519856770832,0.9333876000542666,0.2065934065934066,0.0,0.31024771943701335,0.49907142561041334,0.5,0.15064198176066082,2.904894119132844,caution
seed202,phase10_margin_aware_boundary_band_seed202_40e,runs\phase10_margin_aware_boundary_band_seed202_40e,runs\phase10_margin_aware_boundary_band_seed202_40e\evaluation_test\test_batch_0011\forecast_maps.npz,runs\phase10_margin_aware_boundary_band_seed202_40e\evaluation_test\test_batch_0011\summary.json,11,0,test,location2,r300y_p0.6_d3h,24,12,12,mass_preserving,location2|r300y_p0.6_d3h|24,196608,0.028925577799479168,0.027949015299479168,0.03376120977668366,0.016367594401041668,0.17056444522595393,0.004933675130208333,0.9036679267883301,1.0694687366485596,0.0,-0.004831575134520659,0.004831575134520659,0.009449481550549222,0.02256160834041782,True,0.18954635108481263,location2_r300y_high_intensity,0.0,0.3136197565597952,0.0,0.0,0.0,0.07909270216962527,2.5,0.0,2.8927124587294206,caution
seed42,phase10_margin_aware_boundary_band_seed42_40e,runs\phase10_margin_aware_boundary_band_seed42_40e,runs\phase10_margin_aware_boundary_band_seed42_40e\evaluation_test\test_batch_0016\forecast_maps.npz,runs\phase10_margin_aware_boundary_band_seed42_40e\evaluation_test\test_batch_0016\summary.json,16,0,test,location3,r300y_p0.6_d3h,0,12,12,mass_preserving,location3|r300y_p0.6_d3h|0,196608,0.165771484375,0.13427225748697916,0.19001595483554246,0.09004720052083333,0.2808971526755032,0.046564737955729164,1.9415950775146484,1.8950507640838623,0.04654431343078613,-0.015613810392501572,0.015613810392501572,0.03058649679981038,0.07264734195058026,True,0.3724665391969407,weak_high_intensity_token,0.4004720052083332,0.8039873452244585,0.12004786450662738,0.0,0.3537936797500523,0.44493307839388146,0.5,0.19015223185221355,2.8133862049355667,caution
seed202,phase10_margin_aware_boundary_band_seed202_40e,runs\phase10_margin_aware_boundary_band_seed202_40e,runs\phase10_margin_aware_boundary_band_seed202_40e\evaluation_test\test_batch_0012\forecast_maps.npz,runs\phase10_margin_aware_boundary_band_seed202_40e\evaluation_test\test_batch_0012\summary.json,12,1,test,location2,r300y_p0.8_d3h,12,12,12,mass_preserving,location2|r300y_p0.8_d3h|12,196608,0.04296875,0.040135701497395836,0.06593276515151515,0.023249308268229168,0.13660037878787878,0.005869547526041667,1.1866930723190308,1.281569004058838,0.0,-0.00554121287184577,0.00554121287184577,0.010835489418216918,0.029698752851862506,True,0.17414611732271404,location2_r300y_high_intensity,0.0,0.1626683501683501,0.0,0.0,0.01804042906152567,0.04829223464542809,2.5,0.0,2.729001013875304,caution
seed123,phase10_margin_aware_boundary_band_seed123_40e,runs\phase10_margin_aware_boundary_band_seed123_40e,runs\phase10_margin_aware_boundary_band_seed123_40e\evaluation_test\test_batch_0008\forecast_maps.npz,runs\phase10_margin_aware_boundary_band_seed123_40e\evaluation_test\test_batch_0008\summary.json,8,0,test,location2,r200y_p0.5_d3h,6,12,12,mass_preserving,location2|r200y_p0.5_d3h|6,196608,0.052866617838541664,0.041163126627604164,0.22137771791418126,0.0268096923828125,0.29026361362324415,0.015345255533854166,1.7939974069595337,1.1890647411346436,0.6049326658248901,-0.008872300098358526,0.008872300098358526,0.014340096558256715,0.05117026371968443,True,0.3438883671004964,weak_high_intensity_token,0.0,0.8456160605477516,0.2141331537425438,0.5323989987373352,0.1290766699452842,0.38777673420099285,0.5,0.0,2.6090016171739077,caution
seed202,phase10_margin_aware_boundary_band_seed202_40e,runs\phase10_margin_aware_boundary_band_seed202_40e,runs\phase10_margin_aware_boundary_band_seed202_40e\evaluation_test\test_batch_0010\forecast_maps.npz,runs\phase10_margin_aware_boundary_band_seed202_40e\evaluation_test\test_batch_0010\summary.json,10,1,test,location2,r300y_p0.6_d3h,18,12,12,mass_preserving,location2|r300y_p0.6_d3h|18,196608,0.033025105794270836,0.035736083984375,0.0,0.018742879231770832,0.11920529801324503,0.003936767578125,1.0229902267456055,1.2367528676986694,0.0,-0.003692330868415685,0.003692330868415685,0.009717802097288475,0.022394844613497774,True,0.13873454024018642,location2_r300y_high_intensity,0.0,0.08535688005886677,0.0,0.0,0.0,0.0,2.5,0.0,2.5853568800588667,caution
seed123,phase10_margin_aware_boundary_band_seed123_40e,runs\phase10_margin_aware_boundary_band_seed123_40e,runs\phase10_margin_aware_boundary_band_seed123_40e\evaluation_test\test_batch_0016\forecast_maps.npz,runs\phase10_margin_aware_boundary_band_seed123_40e\evaluation_test\test_batch_0016\summary.json,16,0,test,location3,r300y_p0.6_d3h,0,12,12,mass_preserving,location3|r300y_p0.6_d3h|0,196608,0.165771484375,0.13892110188802084,0.16197226313205695,0.09028116861979167,0.25696489936180655,0.042597452799479164,1.9415950775146484,2.3302791118621826,0.0,-0.015721185359464988,0.015721185359464988,0.03242072406457166,0.07552917434714111,True,0.3437858508604206,weak_high_intensity_token,0.40281168619791663,0.6976217749413623,0.03591678939617088,0.0,0.3573728453154995,0.38757170172084127,0.5,0.19015223185221355,2.5714470294240046,caution
seed123,phase10_margin_aware_boundary_band_seed123_40e,runs\phase10_margin_aware_boundary_band_seed123_40e,runs\phase10_margin_aware_boundary_band_seed123_40e\evaluation_test\test_batch_0017\forecast_maps.npz,runs\phase10_margin_aware_boundary_band_seed123_40e\evaluation_test\test_batch_0017\summary.json,17,1,test,location3,r300y_p0.8_d3h,0,12,12,mass_preserving,location3|r300y_p0.8_d3h|0,196608,0.1666259765625,0.135162353515625,0.18882783882783882,0.073699951171875,0.2774114774114774,0.046223958333333336,1.9666359424591064,2.2604427337646484,0.0,-0.015462796564510856,0.015462796564510856,0.030254030959817827,0.07092955267893379,True,0.3620196492973511,weak_high_intensity_token,0.23699951171874994,0.7884954551621217,0.11648351648351649,0.0,0.34875988548369513,0.4240392985947022,0.5,0.15064198176066082,2.5654196492034465,caution
seed42,phase10_margin_aware_boundary_band_seed42_40e,runs\phase10_margin_aware_boundary_band_seed42_40e,runs\phase10_margin_aware_boundary_band_seed42_40e\evaluation_test\test_batch_0008\forecast_maps.npz,runs\phase10_margin_aware_boundary_band_seed42_40e\evaluation_test\test_batch_0008\summary.json,8,1,test,location2,r200y_p0.5_d3h,12,12,12,mass_preserving,location2|r200y_p0.5_d3h|12,196608,0.0381927490234375,0.030039469401041668,0.2134771607404448,0.027313232421875,0.364895458782794,0.013936360677083334,1.1040637493133545,1.0441542863845825,0.05990946292877197,-0.0063574658712227975,0.0063574658712227975,0.012384865034007911,0.040475390373035575,True,0.43548387096774194,weak_high_intensity_token,0.0,1.1773131501457508,0.19043148222133438,0.0,0.04524886237409324,0.5709677419354839,0.5,0.02661321957906088,2.510574456255723,caution
seed202,phase10_margin_aware_boundary_band_seed202_40e,runs\phase10_margin_aware_boundary_band_seed202_40e,runs\phase10_margin_aware_boundary_band_seed202_40e\evaluation_test\test_batch_0010\forecast_maps.npz,runs\phase10_margin_aware_boundary_band_seed202_40e\evaluation_test\test_batch_0010\summary.json,10,0,test,location2,r300y_p0.6_d3h,12,12,12,mass_preserving,location2|r300y_p0.6_d3h|12,196608,0.041900634765625,0.044993082682291664,0.0,0.025914510091145832,0.09966011167759165,0.004175821940104167,1.178109884262085,1.3126428127288818,0.0,-0.003378111288739392,0.003378111288739392,0.010843943523993768,0.029406845451815145,True,0.1265172735760971,location2_r300y_high_intensity,0.0,0.0,0.0,0.0,0.0,0.0,2.5,0.0,2.5,caution
seed123,phase10_margin_aware_boundary_band_seed123_40e,runs\phase10_margin_aware_boundary_band_seed123_40e,runs\phase10_margin_aware_boundary_band_seed123_40e\evaluation_test\test_batch_0006\forecast_maps.npz,runs\phase10_margin_aware_boundary_band_seed123_40e\evaluation_test\test_batch_0006\summary.json,6,1,test,location2,r100y_p0.5_d3h,6,12,12,mass_preserving,location2|r100y_p0.5_d3h|6,196608,0.048121134440104164,0.039805094401041664,0.172814713032449,0.025441487630208332,0.2789345735123137,0.013422648111979166,1.6813663244247437,1.162208080291748,0.5191582441329956,-0.007324921645518355,0.007324921645518355,0.013116900111887786,0.043864287909736094,True,0.32287121745249825,weak_high_intensity_token,0.0,0.7952647711658386,0.068444139097347,0.4037373661994934,0.07749738818394515,0.3457424349049965,0.5,0.0,2.1906860995516206,reliable
seed42,phase10_margin_aware_boundary_band_seed42_40e,runs\phase10_margin_aware_boundary_band_seed42_40e,runs\phase10_margin_aware_boundary_band_seed42_40e\evaluation_test\test_batch_0003\forecast_maps.npz,runs\phase10_margin_aware_boundary_band_seed42_40e\evaluation_test\test_batch_0003\summary.json,3,0,test,location1,r300y_p0.6_d3h,0,12,12,mass_preserving,location1|r300y_p0.6_d3h|0,196608,0.20782979329427084,0.18024698893229166,0.1327182398864443,0.08406575520833333,0.2009740339198747,0.041768391927083336,2.0679421424865723,2.1938016414642334,0.0,-0.01686770631849619,0.01686770631849619,0.031751788449720465,0.06843384543293007,True,0.3366640712864435,weak_high_intensity_token,0.3406575520833332,0.4487734840883319,0.0,0.0,0.39559021061653965,0.373328142572887,0.5,0.11683136622111004,2.175180755582202,reliable
seed42,phase10_margin_aware_boundary_band_seed42_40e,runs\phase10_margin_aware_boundary_band_seed42_40e,runs\phase10_margin_aware_boundary_band_seed42_40e\evaluation_test\test_batch_0007\forecast_maps.npz,runs\phase10_margin_aware_boundary_band_seed42_40e\evaluation_test\test_batch_0007\summary.json,7,0,test,location2,r100y_p0.5_d3h,12,12,12,mass_preserving,location2|r100y_p0.5_d3h|12,196608,0.0337677001953125,0.0291290283203125,0.13737008585630367,0.027018229166666668,0.3486970929356831,0.011774698893229166,0.9571658968925476,1.025647521018982,0.0,-0.0046367870284440655,0.0046367870284440655,0.01104846405166345,0.03192007188209368,True,0.40537653551718,weak_high_intensity_token,0.0,1.10532041304748,0.0,0.0,0.0,0.51075307103436,0.5,0.01732069651285808,2.1333941805946983,reliable
seed123,phase10_margin_aware_boundary_band_seed123_40e,runs\phase10_margin_aware_boundary_band_seed123_40e,runs\phase10_margin_aware_boundary_band_seed123_40e\evaluation_test\test_batch_0003\forecast_maps.npz,runs\phase10_margin_aware_boundary_band_seed123_40e\evaluation_test\test_batch_0003\summary.json,3,0,test,location1,r300y_p0.6_d3h,0,12,12,mass_preserving,location1|r300y_p0.6_d3h|0,196608,0.20782979329427084,0.178985595703125,0.13878759697511073,0.07554117838541667,0.19779251609113824,0.041107177734375,2.0679421424865723,2.5091068744659424,0.0,-0.01754485621792259,0.01754485621792259,0.03287029748705733,0.0695899806641201,True,0.3312137728177178,weak_high_intensity_token,0.25541178385416663,0.4346334048495032,0.0,0.0,0.41816187393075294,0.3624275456354356,0.5,0.11683136622111004,2.0874659744909683,reliable
seed42,phase10_margin_aware_boundary_band_seed42_40e,runs\phase10_margin_aware_boundary_band_seed42_40e,runs\phase10_margin_aware_boundary_band_seed42_40e\evaluation_test\test_batch_0004\forecast_maps.npz,runs\phase10_margin_aware_boundary_band_seed42_40e\evaluation_test\test_batch_0004\summary.json,4,1,test,location1,r300y_p0.8_d3h,0,12,12,mass_preserving,location1|r300y_p0.8_d3h|0,196608,0.1979522705078125,0.17865498860677084,0.09748451912947403,0.07779439290364583,0.2002106940054986,0.039632161458333336,2.071625232696533,2.124361276626587,0.0,-0.015165644906115423,0.015165644906115423,0.031099660413355074,0.067654514902182,True,0.32943591574437703,weak_high_intensity_token,0.2779439290364582,0.44538086224666035,0.0,0.0,0.33885483020384743,0.35887183148875407,0.5,0.06535027821858724,1.9864017311943072,reliable
seed202,phase10_margin_aware_boundary_band_seed202_40e,runs\phase10_margin_aware_boundary_band_seed202_40e,runs\phase10_margin_aware_boundary_band_seed202_40e\evaluation_test\test_batch_0016\forecast_maps.npz,runs\phase10_margin_aware_boundary_band_seed202_40e\evaluation_test\test_batch_0016\summary.json,16,0,test,location3,r300y_p0.6_d3h,0,12,12,mass_preserving,location3|r300y_p0.6_d3h|0,196608,0.165771484375,0.14520263671875,0.12407952871870398,0.09092203776041667,0.20066273932253315,0.03326416015625,1.9415950775146484,1.9641307592391968,0.0,-0.01065339059651878,0.01065339059651878,0.02558987959638792,0.05285284675402966,True,0.2674314850223072,weak_high_intensity_token,0.40922037760416663,0.4473899525445917,0.0,0.0,0.1884463532172926,0.23486297004461437,0.5,0.19015223185221355,1.9700718852628787,reliable
seed123,phase10_margin_aware_boundary_band_seed123_40e,runs\phase10_margin_aware_boundary_band_seed123_40e,runs\phase10_margin_aware_boundary_band_seed123_40e\evaluation_test\test_batch_0004\forecast_maps.npz,runs\phase10_margin_aware_boundary_band_seed123_40e\evaluation_test\test_batch_0004\summary.json,4,1,test,location1,r300y_p0.8_d3h,0,12,12,mass_preserving,location1|r300y_p0.8_d3h|0,196608,0.1979522705078125,0.17516072591145834,0.11513656568771037,0.06283060709635417,0.2004162491328143,0.0396728515625,2.071625232696533,2.3723866939544678,0.0,-0.017095904049707105,0.017095904049707105,0.03073962048949276,0.06666115155713265,True,0.32898964655480184,weak_high_intensity_token,0.12830607096354166,0.4462944405902857,0.0,0.0,0.4031968016569034,0.3579792931096037,0.5,0.06535027821858724,1.9011268845389218,reliable
seed202,phase10_margin_aware_boundary_band_seed202_40e,runs\phase10_margin_aware_boundary_band_seed202_40e,runs\phase10_margin_aware_boundary_band_seed202_40e\evaluation_test\test_batch_0017\forecast_maps.npz,runs\phase10_margin_aware_boundary_band_seed202_40e\evaluation_test\test_batch_0017\summary.json,17,1,test,location3,r300y_p0.8_d3h,0,12,12,mass_preserving,location3|r300y_p0.8_d3h|0,196608,0.1666259765625,0.1438751220703125,0.13653846153846153,0.07777913411458333,0.21611721611721613,0.0360107421875,1.9666359424591064,1.9615226984024048,0.00511324405670166,-0.009364340169128032,0.009364340169128032,0.024971556371130518,0.05289847337700729,True,0.28325664303776477,weak_high_intensity_token,0.2777913411458332,0.5160765160765161,0.0,0.0,0.14547800563760105,0.26651328607552954,0.5,0.15064198176066082,1.8565011306961405,reliable
seed202,phase10_margin_aware_boundary_band_seed202_40e,runs\phase10_margin_aware_boundary_band_seed202_40e,runs\phase10_margin_aware_boundary_band_seed202_40e\evaluation_test\test_batch_0008\forecast_maps.npz,runs\phase10_margin_aware_boundary_band_seed202_40e\evaluation_test\test_batch_0008\summary.json,8,0,test,location2,r200y_p0.5_d3h,6,12,12,mass_preserving,location2|r200y_p0.5_d3h|6,196608,0.052866617838541664,0.043050130208333336,0.18568404848951317,0.0250701904296875,0.21945353088320185,0.011601765950520834,1.7939974069595337,1.2886533737182617,0.505344033241272,-0.007648027545137675,0.007648027545137675,0.012712113110789111,0.04035972222339777,True,0.2643230913726016,weak_high_intensity_token,0.0,0.5309045817031193,0.10705214546853953,0.38301604986190796,0.0882675848379225,0.22864618274520326,0.5,0.0,1.8378865446166925,reliable
seed42,phase10_margin_aware_boundary_band_seed42_40e,runs\phase10_margin_aware_boundary_band_seed42_40e,runs\phase10_margin_aware_boundary_band_seed42_40e\evaluation_test\test_batch_0018\forecast_maps.npz,runs\phase10_margin_aware_boundary_band_seed42_40e\evaluation_test\test_batch_0018\summary.json,18,0,test,location3,r300y_p0.8_d3h,6,12,12,mass_preserving,location3|r300y_p0.8_d3h|6,196608,0.13755289713541666,0.13275146484375,0.03490607898239905,0.08350118001302083,0.16347433811566336,0.022486368815104168,1.9666359424591064,1.9056575298309326,0.06097841262817383,-0.011219258160210336,0.011219258160210336,0.02839551044041383,0.07187689632990829,True,0.228045780297358,weak_high_intensity_token,0.3350118001302082,0.2821081694029482,0.0,0.0,0.2073086053403445,0.15609156059471602,0.5,0.20747270584106445,1.6879928413092813,reliable
seed42,phase10_margin_aware_boundary_band_seed42_40e,runs\phase10_margin_aware_boundary_band_seed42_40e,runs\phase10_margin_aware_boundary_band_seed42_40e\evaluation_test\test_batch_0014\forecast_maps.npz,runs\phase10_margin_aware_boundary_band_seed42_40e\evaluation_test\test_batch_0014\summary.json,14,1,test,location3,r200y_p0.5_d3h,0,12,12,mass_preserving,location3|r200y_p0.5_d3h|0,196608,0.15460713704427084,0.13036092122395834,0.15682468664670857,0.07822163899739583,0.2360101325788729,0.036488850911458336,1.9122755527496338,1.8702645301818848,0.04201102256774902,-0.012252129428091752,0.012252129428091752,0.02606808146763839,0.06296760594585718,True,0.31692475364424866,,0.2822163899739582,0.6044894781283239,0.020474059940125716,0.0,0.24173764760305838,0.3338495072884973,0.0,0.2027215003967285,1.685488583330692,reliable
seed202,phase10_margin_aware_boundary_band_seed202_40e,runs\phase10_margin_aware_boundary_band_seed202_40e,runs\phase10_margin_aware_boundary_band_seed202_40e\evaluation_test\test_batch_0003\forecast_maps.npz,runs\phase10_margin_aware_boundary_band_seed202_40e\evaluation_test\test_batch_0003\summary.json,3,0,test,location1,r300y_p0.6_d3h,0,12,12,mass_preserving,location1|r300y_p0.6_d3h|0,196608,0.20782979329427084,0.18933614095052084,0.08898460634835173,0.07214864095052083,0.14659455226254864,0.030466715494791668,2.0679421424865723,2.1838598251342773,0.0,-0.013890511598421897,0.013890511598421897,0.027712080148927842,0.05566952713433916,True,0.24811834933817806,weak_high_intensity_token,0.22148640950520823,0.20708689894466056,0.0,0.0,0.29635038661406315,0.19623669867635612,0.5,0.11683136622111004,1.5379917599613981,reliable
seed123,phase10_margin_aware_boundary_band_seed123_40e,runs\phase10_margin_aware_boundary_band_seed123_40e,runs\phase10_margin_aware_boundary_band_seed123_40e\evaluation_test\test_batch_0008\forecast_maps.npz,runs\phase10_margin_aware_boundary_band_seed123_40e\evaluation_test\test_batch_0008\summary.json,8,1,test,location2,r200y_p0.5_d3h,12,12,12,mass_preserving,location2|r200y_p0.5_d3h|12,196608,0.0381927490234375,0.034383138020833336,0.09974697030230391,0.026346842447916668,0.26341723265414835,0.010060628255208334,1.1040637493133545,1.1500685214996338,0.0,-0.004866390476019551,0.004866390476019551,0.012202216882186876,0.03843746239662236,True,0.290811339198436,weak_high_intensity_token,0.0,0.7262988117962147,0.0,0.0,0.0,0.281622678396872,0.5,0.02661321957906088,1.5345347097721476,reliable
seed42,phase10_margin_aware_boundary_band_seed42_40e,runs\phase10_margin_aware_boundary_band_seed42_40e,runs\phase10_margin_aware_boundary_band_seed42_40e\evaluation_test\test_batch_0005\forecast_maps.npz,runs\phase10_margin_aware_boundary_band_seed42_40e\evaluation_test\test_batch_0005\summary.json,5,0,test,location1,r300y_p0.8_d3h,6,12,12,mass_preserving,location1|r300y_p0.8_d3h|6,196608,0.18324788411458334,0.1755523681640625,0.04199511491062507,0.079803466796875,0.14083490618407904,0.025807698567708332,2.071625232696533,2.212402105331421,0.0,-0.011406534040373879,0.011406534040373879,0.02998432605476334,0.06652291510920667,True,0.24125494071146245,weak_high_intensity_token,0.29803466796874994,0.1814884719292401,0.0,0.0,0.21355113467912928,0.1825098814229249,0.5,0.1508670488993327,1.526451204899377,reliable
seed123,phase10_margin_aware_boundary_band_seed123_40e,runs\phase10_margin_aware_boundary_band_seed123_40e,runs\phase10_margin_aware_boundary_band_seed123_40e\evaluation_test\test_batch_0005\forecast_maps.npz,runs\phase10_margin_aware_boundary_band_seed123_40e\evaluation_test\test_batch_0005\summary.json,5,0,test,location1,r300y_p0.8_d3h,6,12,12,mass_preserving,location1|r300y_p0.8_d3h|6,196608,0.18324788411458334,0.16985066731770834,0.07310980348617742,0.06583658854166667,0.14966137448651048,0.027425130208333332,2.071625232696533,2.5820722579956055,0.0,-0.013559792191446986,0.013559792191446986,0.031678391557218556,0.07228415401455976,True,0.2547924901185771,weak_high_intensity_token,0.15836588541666666,0.22071721994004653,0.0,0.0,0.2853264063815662,0.20958498023715416,0.5,0.1508670488993327,1.524861540874766,reliable
seed123,phase10_margin_aware_boundary_band_seed123_40e,runs\phase10_margin_aware_boundary_band_seed123_40e,runs\phase10_margin_aware_boundary_band_seed123_40e\evaluation_test\test_batch_0018\forecast_maps.npz,runs\phase10_margin_aware_boundary_band_seed123_40e\evaluation_test\test_batch_0018\summary.json,18,0,test,location3,r300y_p0.8_d3h,6,12,12,mass_preserving,location3|r300y_p0.8_d3h|6,196608,0.13755289713541666,0.13038126627604166,0.05213725780210028,0.06955973307291667,0.15493270226297884,0.021311442057291668,1.9666359424591064,2.3668665885925293,0.0,-0.012117679908333562,0.012117679908333562,0.03095184804202243,0.08049018352534118,True,0.21767033907369773,weak_high_intensity_token,0.19559733072916666,0.244145343391017,0.0,0.0,0.23725599694445204,0.13534067814739548,0.5,0.20747270584106445,1.5198120550530954,reliable
seed123,phase10_margin_aware_boundary_band_seed123_40e,runs\phase10_margin_aware_boundary_band_seed123_40e,runs\phase10_margin_aware_boundary_band_seed123_40e\evaluation_test\test_batch_0007\forecast_maps.npz,runs\phase10_margin_aware_boundary_band_seed123_40e\evaluation_test\test_batch_0007\summary.json,7,0,test,location2,r100y_p0.5_d3h,12,12,12,mass_preserving,location2|r100y_p0.5_d3h|12,196608,0.0337677001953125,0.032384236653645836,0.040970025606266,0.0256500244140625,0.2637445398403374,0.008906046549479166,0.9571658968925476,1.1105873584747314,0.0,-0.0035947878511359186,0.0035947878511359186,0.01119286362825784,0.03148919373680302,True,0.28039878938935375,weak_high_intensity_token,0.0,0.7277535104014995,0.0,0.0,0.0,0.2607975787787075,0.5,0.01732069651285808,1.505871785693065,reliable
seed123,phase10_margin_aware_boundary_band_seed123_40e,runs\phase10_margin_aware_boundary_band_seed123_40e,runs\phase10_margin_aware_boundary_band_seed123_40e\evaluation_test\test_batch_0014\forecast_maps.npz,runs\phase10_margin_aware_boundary_band_seed123_40e\evaluation_test\test_batch_0014\summary.json,14,1,test,location3,r200y_p0.5_d3h,0,12,12,mass_preserving,location3|r200y_p0.5_d3h|0,196608,0.15460713704427084,0.13707987467447916,0.11336645063657598,0.08213297526041667,0.2092311741290259,0.0323486328125,1.9122755527496338,2.3243467807769775,0.0,-0.009749331838326481,0.009749331838326481,0.028584057430412767,0.06737837432969274,True,0.2834112892239226,,0.32132975260416663,0.48547188501789273,0.0,0.0,0.15831106127754935,0.26682257844784524,0.0,0.2027215003967285,1.4346567777441823,reliable
seed202,phase10_margin_aware_boundary_band_seed202_40e,runs\phase10_margin_aware_boundary_band_seed202_40e,runs\phase10_margin_aware_boundary_band_seed202_40e\evaluation_test\test_batch_0006\forecast_maps.npz,runs\phase10_margin_aware_boundary_band_seed202_40e\evaluation_test\test_batch_0006\summary.json,6,1,test,location2,r100y_p0.5_d3h,6,12,12,mass_preserving,location2|r100y_p0.5_d3h|6,196608,0.048121134440104164,0.041707356770833336,0.1332840080329775,0.023585001627604168,0.2068491702779833,0.009953816731770834,1.6813663244247437,1.2643687725067139,0.4169975519180298,-0.005974547985567559,0.005974547985567559,0.011484307027448468,0.0335060153877454,True,0.23603096410978183,weak_high_intensity_token,0.0,0.4748852012354812,0.0,0.2504963278770447,0.032484932852251965,0.17206192821956368,0.5,0.0,1.4299283901843416,reliable
seed202,phase10_margin_aware_boundary_band_seed202_40e,runs\phase10_margin_aware_boundary_band_seed202_40e,runs\phase10_margin_aware_boundary_band_seed202_40e\evaluation_test\test_batch_0004\forecast_maps.npz,runs\phase10_margin_aware_boundary_band_seed202_40e\evaluation_test\test_batch_0004\summary.json,4,1,test,location1,r300y_p0.8_d3h,0,12,12,mass_preserving,location1|r300y_p0.8_d3h|0,196608,0.1979522705078125,0.18829345703125,0.048793648346565945,0.0633697509765625,0.14617538991238213,0.028935750325520832,2.071625232696533,2.196333646774292,0.0,-0.011239748682930836,0.011239748682930836,0.026806624096604795,0.05446289041185981,True,0.24460014280614067,weak_high_intensity_token,0.13369750976562494,0.20522395516614275,0.0,0.0,0.20799162276436117,0.18920028561228136,0.5,0.06535027821858724,1.3014636515269975,reliable
seed42,phase10_margin_aware_boundary_band_seed42_40e,runs\phase10_margin_aware_boundary_band_seed42_40e,runs\phase10_margin_aware_boundary_band_seed42_40e\evaluation_test\test_batch_0013\forecast_maps.npz,runs\phase10_margin_aware_boundary_band_seed42_40e\evaluation_test\test_batch_0013\summary.json,13,0,test,location3,r100y_p0.5_d3h,0,12,12,mass_preserving,location3|r100y_p0.5_d3h|0,196608,0.14617411295572916,0.13083902994791666,0.10490970458262291,0.07830301920572917,0.20870593966387138,0.030507405598958332,1.866689920425415,1.8639705181121826,0.002719402313232422,-0.007362490321241733,0.007362490321241733,0.02442759016930125,0.05810159494039139,True,0.277354652537963,,0.28303019205729163,0.48313750961720603,0.0,0.0,0.07874967737472442,0.254709305075926,0.0,0.19953543345133465,1.2991621175764827,reliable
seed42,phase10_margin_aware_boundary_band_seed42_40e,runs\phase10_margin_aware_boundary_band_seed42_40e,runs\phase10_margin_aware_boundary_band_seed42_40e\evaluation_test\test_batch_0016\forecast_maps.npz,runs\phase10_margin_aware_boundary_band_seed42_40e\evaluation_test\test_batch_0016\summary.json,16,1,test,location3,r300y_p0.6_d3h,6,12,12,mass_preserving,location3|r300y_p0.6_d3h|6,196608,0.1334381103515625,0.1260528564453125,0.055345911949685536,0.0651702880859375,0.13973699256718125,0.018646240234375,1.9415950775146484,1.8661224842071533,0.07547259330749512,-0.009940440070568947,0.009940440070568947,0.023448430539208587,0.0608021923549099,True,0.1972148833113166,weak_high_intensity_token,0.15170288085937494,0.17660885585413885,0.0,0.0,0.16468133568563154,0.0944297666226332,0.5,0.17869844436645507,1.2661212833882334,reliable
seed42,phase10_margin_aware_boundary_band_seed42_40e,runs\phase10_margin_aware_boundary_band_seed42_40e,runs\phase10_margin_aware_boundary_band_seed42_40e\evaluation_test\test_batch_0003\forecast_maps.npz,runs\phase10_margin_aware_boundary_band_seed42_40e\evaluation_test\test_batch_0003\summary.json,3,1,test,location1,r300y_p0.6_d3h,6,12,12,mass_preserving,location1|r300y_p0.6_d3h|6,196608,0.1744842529296875,0.1611175537109375,0.07660690861390468,0.06755574544270833,0.13085556041393384,0.022832234700520832,2.0679421424865723,2.192699432373047,0.0,-0.01125700460303714,0.01125700460303714,0.023508854551431518,0.05358836105660115,True,0.2229929085356385,weak_high_intensity_token,0.17555745442708323,0.13713582406192815,0.0,0.0,0.208566820101238,0.145985817071277,0.5,0.03957484563191733,1.2068207612934438,reliable
seed42,phase10_margin_aware_boundary_band_seed42_40e,runs\phase10_margin_aware_boundary_band_seed42_40e,runs\phase10_margin_aware_boundary_band_seed42_40e\evaluation_test\test_batch_0001\forecast_maps.npz,runs\phase10_margin_aware_boundary_band_seed42_40e\evaluation_test\test_batch_0001\summary.json,1,1,test,location1,r200y_p0.5_d3h,0,12,12,mass_preserving,location1|r200y_p0.5_d3h|0,196608,0.19574991861979166,0.17365519205729166,0.11287221327235877,0.07373046875,0.16964610507717093,0.033208211263020836,2.024629592895508,2.2266621589660645,0.0,-0.013464528709492747,0.013464528709492747,0.02658199721690416,0.05794920940009746,True,0.2870575221238938,,0.23730468749999994,0.30953824478742625,0.0,0.0,0.28215095698309156,0.2741150442477876,0.0,0.06423145929972332,1.1673403928180286,reliable
seed123,phase10_margin_aware_boundary_band_seed123_40e,runs\phase10_margin_aware_boundary_band_seed123_40e,runs\phase10_margin_aware_boundary_band_seed123_40e\evaluation_test\test_batch_0013\forecast_maps.npz,runs\phase10_margin_aware_boundary_band_seed123_40e\evaluation_test\test_batch_0013\summary.json,13,0,test,location3,r100y_p0.5_d3h,0,12,12,mass_preserving,location3|r100y_p0.5_d3h|0,196608,0.14617411295572916,0.14076741536458334,0.03698806499878214,0.08819071451822917,0.18233063085006437,0.026652018229166668,1.866689920425415,2.3132736682891846,0.0,-0.004499561697959392,0.004499561697959392,0.02776576231590912,0.06460040377579154,True,0.24400397369790436,,0.38190714518229163,0.3659139148891749,0.0,0.0,0.0,0.18800794739580873,0.0,0.19953543345133465,1.1353644409186099,reliable
seed202,phase10_margin_aware_boundary_band_seed202_40e,runs\phase10_margin_aware_boundary_band_seed202_40e,runs\phase10_margin_aware_boundary_band_seed202_40e\evaluation_test\test_batch_0018\forecast_maps.npz,runs\phase10_margin_aware_boundary_band_seed202_40e\evaluation_test\test_batch_0018\summary.json,18,0,test,location3,r300y_p0.8_d3h,6,12,12,mass_preserving,location3|r300y_p0.8_d3h|6,196608,0.13755289713541666,0.13739013671875,0.001183256914657595,0.07923380533854167,0.10253660701079723,0.014104207356770834,1.9666359424591064,1.976866364479065,0.0,-0.006695801833572702,0.006695801833572702,0.024665005127895618,0.05393660824418521,True,0.142742539309017,weak_high_intensity_token,0.29233805338541663,0.011273808936876534,0.0,0.0,0.056526727785756715,0.0,0.5,0.20747270584106445,1.0676112959491142,reliable
seed123,phase10_margin_aware_boundary_band_seed123_40e,runs\phase10_margin_aware_boundary_band_seed123_40e,runs\phase10_margin_aware_boundary_band_seed123_40e\evaluation_test\test_batch_0016\forecast_maps.npz,runs\phase10_margin_aware_boundary_band_seed123_40e\evaluation_test\test_batch_0016\summary.json,16,1,test,location3,r300y_p0.6_d3h,6,12,12,mass_preserving,location3|r300y_p0.6_d3h|6,196608,0.1334381103515625,0.12563069661458334,0.058509624547360396,0.058298746744791664,0.12948351438917477,0.017278035481770832,1.9415950775146484,2.284170150756836,0.0,-0.007864305384533548,0.007864305384533548,0.025600945995128892,0.06560081679263148,True,0.18411492734478205,weak_high_intensity_token,0.0829874674479166,0.1310378417296656,0.0,0.0,0.09547684615111825,0.0682298546895641,0.5,0.17869844436645507,1.0564304543847196,reliable
seed202,phase10_margin_aware_boundary_band_seed202_40e,runs\phase10_margin_aware_boundary_band_seed202_40e,runs\phase10_margin_aware_boundary_band_seed202_40e\evaluation_test\test_batch_0005\forecast_maps.npz,runs\phase10_margin_aware_boundary_band_seed202_40e\evaluation_test\test_batch_0005\summary.json,5,0,test,location1,r300y_p0.8_d3h,6,12,12,mass_preserving,location1|r300y_p0.8_d3h|6,196608,0.18324788411458334,0.18163553873697916,0.008798712112801154,0.06827799479166667,0.09831242367047852,0.018015543619791668,2.071625232696533,2.2057716846466064,0.0,-0.008990402676444171,0.008990402676444171,0.02734523257605247,0.055703021963505725,True,0.16763833992094862,weak_high_intensity_token,0.18277994791666666,0.0,0.0,0.0,0.13301342254813903,0.03527667984189725,0.5,0.1508670488993327,1.0019370992060357,reliable
seed123,phase10_margin_aware_boundary_band_seed123_40e,runs\phase10_margin_aware_boundary_band_seed123_40e,runs\phase10_margin_aware_boundary_band_seed123_40e\evaluation_test\test_batch_0003\forecast_maps.npz,runs\phase10_margin_aware_boundary_band_seed123_40e\evaluation_test\test_batch_0003\summary.json,3,1,test,location1,r300y_p0.6_d3h,6,12,12,mass_preserving,location1|r300y_p0.6_d3h|6,196608,0.1744842529296875,0.1628875732421875,0.0664626147791867,0.058990478515625,0.1175047369188165,0.020502726236979168,2.0679421424865723,2.3786473274230957,0.0,-0.009792544427311705,0.009792544427311705,0.02469999839337973,0.05690475695382353,True,0.19907862725813966,weak_high_intensity_token,0.08990478515624996,0.07779883075029549,0.0,0.0,0.15975148091039015,0.09815725451627932,0.5,0.03957484563191733,0.9651871969651323,reliable
seed202,phase10_margin_aware_boundary_band_seed202_40e,runs\phase10_margin_aware_boundary_band_seed202_40e,runs\phase10_margin_aware_boundary_band_seed202_40e\evaluation_test\test_batch_0014\forecast_maps.npz,runs\phase10_margin_aware_boundary_band_seed202_40e\evaluation_test\test_batch_0014\summary.json,14,1,test,location3,r200y_p0.5_d3h,0,12,12,mass_preserving,location3|r200y_p0.5_d3h|0,196608,0.15460713704427084,0.1378021240234375,0.10869493700036188,0.06509908040364583,0.1596210152317663,0.024678548177083332,1.9122755527496338,1.9415565729141235,0.0,-0.00894423822186285,0.00894423822186285,0.020876782279972656,0.04333993686139657,True,0.21538531401843694,,0.15099080403645823,0.2649822899189613,0.0,0.0,0.1314746073954283,0.1307706280368739,0.0,0.2027215003967285,0.8809398297844502,reliable
seed202,phase10_margin_aware_boundary_band_seed202_40e,runs\phase10_margin_aware_boundary_band_seed202_40e,runs\phase10_margin_aware_boundary_band_seed202_40e\evaluation_test\test_batch_0008\forecast_maps.npz,runs\phase10_margin_aware_boundary_band_seed202_40e\evaluation_test\test_batch_0008\summary.json,8,1,test,location2,r200y_p0.5_d3h,12,12,12,mass_preserving,location2|r200y_p0.5_d3h|12,196608,0.0381927490234375,0.0346832275390625,0.09188973232121454,0.020782470703125,0.16020775069916102,0.0061187744140625,1.1040637493133545,1.2340741157531738,0.0,-0.0048788468020334605,0.0048788468020334605,0.009921760588257512,0.02776030298073175,True,0.1893124796350603,weak_high_intensity_token,0.0,0.26759000310738223,0.0,0.0,0.0,0.07862495927012059,0.5,0.02661321957906088,0.8728281819565638,reliable
seed123,phase10_margin_aware_boundary_band_seed123_40e,runs\phase10_margin_aware_boundary_band_seed123_40e,runs\phase10_margin_aware_boundary_band_seed123_40e\evaluation_test\test_batch_0001\forecast_maps.npz,runs\phase10_margin_aware_boundary_band_seed123_40e\evaluation_test\test_batch_0001\summary.json,1,1,test,location1,r200y_p0.5_d3h,0,12,12,mass_preserving,location1|r200y_p0.5_d3h|0,196608,0.19574991861979166,0.17713419596354166,0.09509951670737411,0.0683441162109375,0.14932702801018552,0.029230753580729168,2.024629592895508,2.4239912033081055,0.0,-0.010813762526014264,0.010813762526014264,0.027442327604722136,0.058699945200115095,True,0.2548396017699115,,0.18344116210937494,0.21923123560082447,0.0,0.0,0.19379208420047547,0.209679203539823,0.0,0.06423145929972332,0.8703751447502213,reliable
seed42,phase10_margin_aware_boundary_band_seed42_40e,runs\phase10_margin_aware_boundary_band_seed42_40e,runs\phase10_margin_aware_boundary_band_seed42_40e\evaluation_test\test_batch_0000\forecast_maps.npz,runs\phase10_margin_aware_boundary_band_seed42_40e\evaluation_test\test_batch_0000\summary.json,0,0,test,location1,r100y_p0.5_d3h,0,12,12,mass_preserving,location1|r100y_p0.5_d3h|0,196608,0.18845113118489584,0.1754913330078125,0.06877007368222181,0.073577880859375,0.15575827912876847,0.029352823893229168,1.9651845693588257,2.21053147315979,0.0,-0.00816283985242392,0.00816283985242392,0.02538231519184442,0.05481151132403359,True,0.25980207351555135,,0.23577880859374994,0.24781457390563758,0.0,0.0,0.10542799508079731,0.2196041470311027,0.0,0.05468565622965496,0.8633111808409426,reliable
seed42,phase10_margin_aware_boundary_band_seed42_40e,runs\phase10_margin_aware_boundary_band_seed42_40e,runs\phase10_margin_aware_boundary_band_seed42_40e\evaluation_test\test_batch_0018\forecast_maps.npz,runs\phase10_margin_aware_boundary_band_seed42_40e\evaluation_test\test_batch_0018\summary.json,18,1,test,location3,r300y_p0.8_d3h,12,12,12,mass_preserving,location3|r300y_p0.8_d3h|12,196608,0.11829121907552083,0.12381490071614583,0.0,0.060129801432291664,0.09287526336156857,0.010986328125,1.8554701805114746,1.8760006427764893,0.0,-0.003991932122781895,0.003991932122781895,0.02170606939879671,0.05663850033254444,True,0.13023142805078053,weak_high_intensity_token,0.1012980143229166,0.0,0.0,0.0,0.0,0.0,0.5,0.18520568211873373,0.7865036964416503,reliable
seed202,phase10_margin_aware_boundary_band_seed202_40e,runs\phase10_margin_aware_boundary_band_seed202_40e,runs\phase10_margin_aware_boundary_band_seed202_40e\evaluation_test\test_batch_0007\forecast_maps.npz,runs\phase10_margin_aware_boundary_band_seed202_40e\evaluation_test\test_batch_0007\summary.json,7,0,test,location2,r100y_p0.5_d3h,12,12,12,mass_preserving,location2|r100y_p0.5_d3h|12,196608,0.0337677001953125,0.033411661783854164,0.010543756589847868,0.020360310872395832,0.14972134357583974,0.005055745442708333,0.9571658968925476,1.201628565788269,0.0,-0.0035057205428409752,0.0035057205428409752,0.009488817290187912,0.023897167458425,True,0.16984155243012283,weak_high_intensity_token,0.0,0.22098374922595435,0.0,0.0,0.0,0.03968310486024568,0.5,0.01732069651285808,0.7779875505990581,reliable
seed123,phase10_margin_aware_boundary_band_seed123_40e,runs\phase10_margin_aware_boundary_band_seed123_40e,runs\phase10_margin_aware_boundary_band_seed123_40e\evaluation_test\test_batch_0018\forecast_maps.npz,runs\phase10_margin_aware_boundary_band_seed123_40e\evaluation_test\test_batch_0018\summary.json,18,1,test,location3,r300y_p0.8_d3h,12,12,12,mass_preserving,location3|r300y_p0.8_d3h|12,196608,0.11829121907552083,0.12331136067708333,0.0,0.056854248046875,0.08363073483252353,0.009892781575520834,1.8554701805114746,2.30380916595459,0.0,-0.0010488121278812244,0.0010488121278812244,0.025200093582545758,0.06481240225478634,True,0.1177185203182895,weak_high_intensity_token,0.06854248046874996,0.0,0.0,0.0,0.0,0.0,0.5,0.18520568211873373,0.7537481625874838,reliable
seed42,phase10_margin_aware_boundary_band_seed42_40e,runs\phase10_margin_aware_boundary_band_seed42_40e,runs\phase10_margin_aware_boundary_band_seed42_40e\evaluation_test\test_batch_0017\forecast_maps.npz,runs\phase10_margin_aware_boundary_band_seed42_40e\evaluation_test\test_batch_0017\summary.json,17,0,test,location3,r300y_p0.6_d3h,12,12,12,mass_preserving,location3|r300y_p0.6_d3h|12,196608,0.11661275227864583,0.11730448404947917,0.0,0.056371053059895836,0.10293540367252585,0.012003580729166666,1.8407260179519653,1.869354486465454,0.0,-0.005930264454437246,0.005930264454437246,0.021040127889295348,0.05449125797658992,True,0.14310165658047558,weak_high_intensity_token,0.06371053059895831,0.013046238544559304,0.0,0.0,0.031008815147908188,0.0,0.5,0.13988485336303713,0.7476504376544629,reliable
seed202,phase10_margin_aware_boundary_band_seed202_40e,runs\phase10_margin_aware_boundary_band_seed202_40e,runs\phase10_margin_aware_boundary_band_seed202_40e\evaluation_test\test_batch_0016\forecast_maps.npz,runs\phase10_margin_aware_boundary_band_seed202_40e\evaluation_test\test_batch_0016\summary.json,16,1,test,location3,r300y_p0.6_d3h,6,12,12,mass_preserving,location3|r300y_p0.6_d3h|6,196608,0.1334381103515625,0.13051350911458334,0.021917286068229465,0.0535125732421875,0.07749190013340956,0.010340372721354166,1.9415950775146484,1.937425971031189,0.004169106483459473,-0.005739232643169125,0.005739232643169125,0.018964552155237114,0.04026603477811462,True,0.10903786878027301,weak_high_intensity_token,0.035125732421874965,0.0,0.0,0.0,0.024641088105637497,0.0,0.5,0.17869844436645507,0.7384652648939676,reliable
seed42,phase10_margin_aware_boundary_band_seed42_40e,runs\phase10_margin_aware_boundary_band_seed42_40e,runs\phase10_margin_aware_boundary_band_seed42_40e\evaluation_test\test_batch_0005\forecast_maps.npz,runs\phase10_margin_aware_boundary_band_seed42_40e\evaluation_test\test_batch_0005\summary.json,5,1,test,location1,r300y_p0.8_d3h,12,12,12,mass_preserving,location1|r300y_p0.8_d3h|12,196608,0.15019734700520834,0.15842183430989584,0.0,0.06610107421875,0.0817135116830342,0.012273152669270834,2.0355610847473145,2.2173850536346436,0.0,-0.00208561463112689,0.00208561463112689,0.021718490297077588,0.04947242606601762,True,0.13535549347169165,weak_high_intensity_token,0.16101074218749994,0.0,0.0,0.0,0.0,0.0,0.5,0.05889803568522136,0.7199087778727213,reliable
seed42,phase10_margin_aware_boundary_band_seed42_40e,runs\phase10_margin_aware_boundary_band_seed42_40e,runs\phase10_margin_aware_boundary_band_seed42_40e\evaluation_test\test_batch_0004\forecast_maps.npz,runs\phase10_margin_aware_boundary_band_seed42_40e\evaluation_test\test_batch_0004\summary.json,4,0,test,location1,r300y_p0.6_d3h,12,12,12,mass_preserving,location1|r300y_p0.6_d3h|12,196608,0.144012451171875,0.1483154296875,0.0,0.06610616048177083,0.08773045136681501,0.01263427734375,2.012298345565796,2.1311116218566895,0.0,-0.004853501136879482,0.004853501136879482,0.020641081755713903,0.04717101442495825,True,0.14126984126984127,weak_high_intensity_token,0.16106160481770823,0.0,0.0,0.0,0.0,0.0,0.5,0.05199311574300131,0.7130547205607096,reliable
seed202,phase10_margin_aware_boundary_band_seed202_40e,runs\phase10_margin_aware_boundary_band_seed202_40e,runs\phase10_margin_aware_boundary_band_seed202_40e\evaluation_test\test_batch_0018\forecast_maps.npz,runs\phase10_margin_aware_boundary_band_seed202_40e\evaluation_test\test_batch_0018\summary.json,18,1,test,location3,r300y_p0.8_d3h,12,12,12,mass_preserving,location3|r300y_p0.8_d3h|12,196608,0.11829121907552083,0.1255035400390625,0.0,0.047022501627604164,0.03517220621748291,0.004160563151041667,1.8554701805114746,1.9283171892166138,0.0,-0.002604478273079825,0.002604478273079825,0.01798677332720959,0.039223138960047456,True,0.04914049687177307,weak_high_intensity_token,0.0,0.0,0.0,0.0,0.0,0.0,0.5,0.18520568211873373,0.6852056821187338,reliable
seed202,phase10_margin_aware_boundary_band_seed202_40e,runs\phase10_margin_aware_boundary_band_seed202_40e,runs\phase10_margin_aware_boundary_band_seed202_40e\evaluation_test\test_batch_0003\forecast_maps.npz,runs\phase10_margin_aware_boundary_band_seed202_40e\evaluation_test\test_batch_0003\summary.json,3,1,test,location1,r300y_p0.6_d3h,6,12,12,mass_preserving,location1|r300y_p0.6_d3h|6,196608,0.1744842529296875,0.17159016927083334,0.016586503425156683,0.0557708740234375,0.07007724821454599,0.012227376302083334,2.0679421424865723,2.1692850589752197,0.0,-0.007502635236930737,0.007502635236930737,0.020439681462161043,0.04232680675347922,True,0.11957140638749418,weak_high_intensity_token,0.057708740234374965,0.0,0.0,0.0,0.08342117456435788,0.0,0.5,0.03957484563191733,0.6807047604306502,reliable
seed123,phase10_margin_aware_boundary_band_seed123_40e,runs\phase10_margin_aware_boundary_band_seed123_40e,runs\phase10_margin_aware_boundary_band_seed123_40e\evaluation_test\test_batch_0005\forecast_maps.npz,runs\phase10_margin_aware_boundary_band_seed123_40e\evaluation_test\test_batch_0005\summary.json,5,1,test,location1,r300y_p0.8_d3h,12,12,12,mass_preserving,location1|r300y_p0.8_d3h|12,196608,0.15019734700520834,0.15900675455729166,0.0,0.059478759765625,0.06955638333897732,0.010447184244791666,2.0355610847473145,2.4148635864257812,0.0,3.136986342684896e-05,0.0,0.02369258865879278,0.056926563196362634,True,0.1145447288899025,weak_high_intensity_token,0.09478759765624996,0.0,0.0,0.0,0.0,0.0,0.5,0.05889803568522136,0.6536856333414713,reliable
seed123,phase10_margin_aware_boundary_band_seed123_40e,runs\phase10_margin_aware_boundary_band_seed123_40e,runs\phase10_margin_aware_boundary_band_seed123_40e\evaluation_test\test_batch_0017\forecast_maps.npz,runs\phase10_margin_aware_boundary_band_seed123_40e\evaluation_test\test_batch_0017\summary.json,17,0,test,location3,r300y_p0.6_d3h,12,12,12,mass_preserving,location3|r300y_p0.6_d3h|12,196608,0.11661275227864583,0.11925252278645833,0.0,0.050633748372395836,0.0914205958040738,0.010660807291666666,1.8407260179519653,2.2291817665100098,0.0,-0.004895369756641634,0.004895369756641634,0.023704355203367902,0.05985997893127002,True,0.1276361635796809,weak_high_intensity_token,0.006337483723958328,0.0,0.0,0.0,0.0,0.0,0.5,0.13988485336303713,0.6462223370869955,reliable
seed202,phase10_margin_aware_boundary_band_seed202_40e,runs\phase10_margin_aware_boundary_band_seed202_40e,runs\phase10_margin_aware_boundary_band_seed202_40e\evaluation_test\test_batch_0017\forecast_maps.npz,runs\phase10_margin_aware_boundary_band_seed202_40e\evaluation_test\test_batch_0017\summary.json,17,0,test,location3,r300y_p0.6_d3h,12,12,12,mass_preserving,location3|r300y_p0.6_d3h|12,196608,0.11661275227864583,0.12195841471354167,0.0,0.045435587565104164,0.03720504209011209,0.004338582356770833,1.8407260179519653,1.881304383277893,0.0,-0.003445993402714323,0.003445993402714323,0.01751368034657477,0.03628205341858592,True,0.051959166208203435,weak_high_intensity_token,0.0,0.0,0.0,0.0,0.0,0.0,0.5,0.13988485336303713,0.6398848533630371,reliable
seed123,phase10_margin_aware_boundary_band_seed123_40e,runs\phase10_margin_aware_boundary_band_seed123_40e,runs\phase10_margin_aware_boundary_band_seed123_40e\evaluation_test\test_batch_0004\forecast_maps.npz,runs\phase10_margin_aware_boundary_band_seed123_40e\evaluation_test\test_batch_0004\summary.json,4,0,test,location1,r300y_p0.6_d3h,12,12,12,mass_preserving,location1|r300y_p0.6_d3h|12,196608,0.144012451171875,0.1537933349609375,0.0,0.056910196940104164,0.06304301758847214,0.0090789794921875,2.012298345565796,2.3591012954711914,0.0,-0.0035492817696328514,0.0035492817696328514,0.022217685385822666,0.05291721371497637,True,0.10182245737801293,weak_high_intensity_token,0.0691019694010416,0.0,0.0,0.0,0.0,0.0,0.5,0.05199311574300131,0.621095085144043,reliable
seed42,phase10_margin_aware_boundary_band_seed42_40e,runs\phase10_margin_aware_boundary_band_seed42_40e,runs\phase10_margin_aware_boundary_band_seed42_40e\evaluation_test\test_batch_0015\forecast_maps.npz,runs\phase10_margin_aware_boundary_band_seed42_40e\evaluation_test\test_batch_0015\summary.json,15,0,test,location3,r200y_p0.5_d3h,6,12,12,mass_preserving,location3|r200y_p0.5_d3h|6,196608,0.12871297200520834,0.12200927734375,0.05208251007666166,0.06267801920572917,0.13158934640006323,0.016937255859375,1.9122755527496338,1.8598699569702148,0.052405595779418945,-0.008625678578921766,0.008625678578921766,0.02151934990046475,0.05487087233382851,True,0.18387314439946018,,0.12678019205729166,0.1403970951113921,0.0,0.0,0.12085595263072552,0.06774628879892036,0.0,0.15315785408020022,0.6089373826785298,reliable
seed202,phase10_margin_aware_boundary_band_seed202_40e,runs\phase10_margin_aware_boundary_band_seed202_40e,runs\phase10_margin_aware_boundary_band_seed202_40e\evaluation_test\test_batch_0005\forecast_maps.npz,runs\phase10_margin_aware_boundary_band_seed202_40e\evaluation_test\test_batch_0005\summary.json,5,1,test,location1,r300y_p0.8_d3h,12,12,12,mass_preserving,location1|r300y_p0.8_d3h|12,196608,0.15019734700520834,0.16290283203125,0.0,0.053105672200520836,0.03816457839485269,0.005732218424479167,2.0355610847473145,2.176516532897949,0.0,-0.002004845538128484,0.002004845538128484,0.019384885502321335,0.04025427441786785,True,0.06283140429899083,weak_high_intensity_token,0.031056722005208325,0.0,0.0,0.0,0.0,0.0,0.5,0.05889803568522136,0.5899547576904297,reliable
seed202,phase10_margin_aware_boundary_band_seed202_40e,runs\phase10_margin_aware_boundary_band_seed202_40e,runs\phase10_margin_aware_boundary_band_seed202_40e\evaluation_test\test_batch_0004\forecast_maps.npz,runs\phase10_margin_aware_boundary_band_seed202_40e\evaluation_test\test_batch_0004\summary.json,4,0,test,location1,r300y_p0.6_d3h,12,12,12,mass_preserving,location1|r300y_p0.6_d3h|12,196608,0.144012451171875,0.15183003743489584,0.0,0.052525838216145836,0.03786112877021968,0.005452473958333333,2.012298345565796,2.1455078125,0.0,-0.0036875254157906607,0.0036875254157906607,0.01814189859389476,0.0366809498928906,True,0.060199882422104646,weak_high_intensity_token,0.025258382161458325,0.0,0.0,0.0,0.0,0.0,0.5,0.05199311574300131,0.5772514979044597,reliable
seed123,phase10_margin_aware_boundary_band_seed123_40e,runs\phase10_margin_aware_boundary_band_seed123_40e,runs\phase10_margin_aware_boundary_band_seed123_40e\evaluation_test\test_batch_0000\forecast_maps.npz,runs\phase10_margin_aware_boundary_band_seed123_40e\evaluation_test\test_batch_0000\summary.json,0,0,test,location1,r100y_p0.5_d3h,0,12,12,mass_preserving,location1|r100y_p0.5_d3h|0,196608,0.18845113118489584,0.17986043294270834,0.04558581414806618,0.0704498291015625,0.13457126663247956,0.025360107421875,1.9651845693588257,2.4008681774139404,0.0,-0.004981372109111142,0.004981372109111142,0.026132623426365673,0.056567618668277114,True,0.22502356267672008,,0.20449829101562494,0.15365007392213134,0.0,0.0,0.0,0.15004712535344017,0.0,0.05468565622965496,0.5628811465208514,reliable
seed202,phase10_margin_aware_boundary_band_seed202_40e,runs\phase10_margin_aware_boundary_band_seed202_40e,runs\phase10_margin_aware_boundary_band_seed202_40e\evaluation_test\test_batch_0013\forecast_maps.npz,runs\phase10_margin_aware_boundary_band_seed202_40e\evaluation_test\test_batch_0013\summary.json,13,0,test,location3,r100y_p0.5_d3h,0,12,12,mass_preserving,location3|r100y_p0.5_d3h|0,196608,0.14617411295572916,0.14112345377604166,0.03455235046452556,0.06937154134114583,0.12721389053202964,0.018595377604166668,1.866689920425415,1.9424673318862915,0.0,-0.0037763960995579305,0.0037763960995579305,0.020255568554459185,0.04117347797049921,True,0.16997019726571738,,0.19371541341145823,0.12095062458679835,0.0,0.0,0.0,0.039940394531434775,0.0,0.19953543345133465,0.554141865981026,reliable
seed202,phase10_margin_aware_boundary_band_seed202_40e,runs\phase10_margin_aware_boundary_band_seed202_40e,runs\phase10_margin_aware_boundary_band_seed202_40e\evaluation_test\test_batch_0001\forecast_maps.npz,runs\phase10_margin_aware_boundary_band_seed202_40e\evaluation_test\test_batch_0001\summary.json,1,1,test,location1,r200y_p0.5_d3h,0,12,12,mass_preserving,location1|r200y_p0.5_d3h|0,196608,0.19574991861979166,0.18306477864583334,0.0648027854284675,0.058054606119791664,0.10754560099776542,0.021052042643229168,2.024629592895508,2.1776440143585205,0.0,-0.012016429357256789,0.012016429357256789,0.02272810185355228,0.04609210595447943,True,0.18616334808259588,,0.0805460611979166,0.033536004434512934,0.0,0.0,0.23388097857522627,0.07232669616519177,0.0,0.06423145929972332,0.4845211996725709,reliable
seed42,phase10_margin_aware_boundary_band_seed42_40e,runs\phase10_margin_aware_boundary_band_seed42_40e,runs\phase10_margin_aware_boundary_band_seed42_40e\evaluation_test\test_batch_0002\forecast_maps.npz,runs\phase10_margin_aware_boundary_band_seed42_40e\evaluation_test\test_batch_0002\summary.json,2,0,test,location1,r200y_p0.5_d3h,6,12,12,mass_preserving,location1|r200y_p0.5_d3h|6,196608,0.16591898600260416,0.15857442220052084,0.04426596364305202,0.06840006510416667,0.11121670089819441,0.018452962239583332,2.024629592895508,2.1556286811828613,0.0,-0.008818128387844149,0.008818128387844149,0.021139665332463684,0.047115781088963755,True,0.18639595002154244,,0.18400065104166666,0.04985200399197512,0.0,0.0,0.12727094626147162,0.07279190004308489,0.0,0.04132690429687501,0.4752424056350733,reliable
seed123,phase10_margin_aware_boundary_band_seed123_40e,runs\phase10_margin_aware_boundary_band_seed123_40e,runs\phase10_margin_aware_boundary_band_seed123_40e\evaluation_test\test_batch_0015\forecast_maps.npz,runs\phase10_margin_aware_boundary_band_seed123_40e\evaluation_test\test_batch_0015\summary.json,15,0,test,location3,r200y_p0.5_d3h,6,12,12,mass_preserving,location3|r200y_p0.5_d3h|6,196608,0.12871297200520834,0.12471516927083333,0.031059827708843753,0.054402669270833336,0.11831186279933613,0.015228271484375,1.9122755527496338,2.2276358604431152,0.0,-0.0066607394355586115,0.0066607394355586115,0.02363489047366474,0.05982059393793942,True,0.16728520017993703,,0.04402669270833332,0.08138605688593831,0.0,0.0,0.05535798118528704,0.034570400359874076,0.0,0.15315785408020022,0.368498985219633,reliable
seed42,phase10_margin_aware_boundary_band_seed42_40e,runs\phase10_margin_aware_boundary_band_seed42_40e,runs\phase10_margin_aware_boundary_band_seed42_40e\evaluation_test\test_batch_0013\forecast_maps.npz,runs\phase10_margin_aware_boundary_band_seed42_40e\evaluation_test\test_batch_0013\summary.json,13,1,test,location3,r100y_p0.5_d3h,6,12,12,mass_preserving,location3|r100y_p0.5_d3h|6,196608,0.122039794921875,0.11959330240885417,0.02004667833625073,0.059514363606770836,0.11357005918146203,0.013860066731770834,1.866689920425415,1.8464990854263306,0.020190834999084473,-0.005890268692238617,0.005890268692238617,0.020047822762104445,0.05028141437223467,True,0.15698587127158556,,0.09514363606770831,0.060311374139831196,0.0,0.0,0.029675623074620554,0.013971742543171128,0.0,0.16074878374735518,0.3598511595726864,reliable
seed42,phase10_margin_aware_boundary_band_seed42_40e,runs\phase10_margin_aware_boundary_band_seed42_40e,runs\phase10_margin_aware_boundary_band_seed42_40e\evaluation_test\test_batch_0000\forecast_maps.npz,runs\phase10_margin_aware_boundary_band_seed42_40e\evaluation_test\test_batch_0000\summary.json,0,1,test,location1,r100y_p0.5_d3h,6,12,12,mass_preserving,location1|r100y_p0.5_d3h|6,196608,0.15958658854166666,0.15523783365885416,0.027250127485976543,0.06630961100260417,0.10606833248342683,0.016927083333333332,1.9651845693588257,2.1293628215789795,0.0,-0.006287230924614775,0.006287230924614775,0.01991087467184637,0.04331327621921847,True,0.1744147342727172,,0.16309611002604166,0.026970366593008093,0.0,0.0,0.042907697487159155,0.04882946854543441,0.0,0.05586153666178386,0.33766517931342716,reliable
seed202,phase10_margin_aware_boundary_band_seed202_40e,runs\phase10_margin_aware_boundary_band_seed202_40e,runs\phase10_margin_aware_boundary_band_seed202_40e\evaluation_test\test_batch_0002\forecast_maps.npz,runs\phase10_margin_aware_boundary_band_seed202_40e\evaluation_test\test_batch_0002\summary.json,2,0,test,location1,r200y_p0.5_d3h,6,12,12,mass_preserving,location1|r200y_p0.5_d3h|6,196608,0.16591898600260416,0.15882364908854166,0.04276386376873793,0.0555572509765625,0.08853192728610404,0.014689127604166666,2.024629592895508,2.1470229625701904,0.0,-0.010362335342496962,0.010362335342496962,0.0203133075375676,0.04098974653963962,True,0.13884101680310212,,0.055572509765624965,0.0,0.0,0.0,0.17874451141656536,0.0,0.0,0.04132690429687501,0.27564392547906535,reliable
seed42,phase10_margin_aware_boundary_band_seed42_40e,runs\phase10_margin_aware_boundary_band_seed42_40e,runs\phase10_margin_aware_boundary_band_seed42_40e\evaluation_test\test_batch_0001\forecast_maps.npz,runs\phase10_margin_aware_boundary_band_seed42_40e\evaluation_test\test_batch_0001\summary.json,1,0,test,location1,r100y_p0.5_d3h,12,12,12,mass_preserving,location1|r100y_p0.5_d3h|12,196608,0.13135782877604166,0.14742533365885416,0.0,0.0684051513671875,0.06218539456361806,0.008168538411458334,1.9066872596740723,2.139671802520752,0.0,0.002168326320845359,0.0,0.020414859699753055,0.04642228459025536,True,0.09711351825183144,,0.18405151367187494,0.0,0.0,0.0,0.0,0.0,0.0,0.09146728515625001,0.27551879882812497,reliable
seed202,phase10_margin_aware_boundary_band_seed202_40e,runs\phase10_margin_aware_boundary_band_seed202_40e,runs\phase10_margin_aware_boundary_band_seed202_40e\evaluation_test\test_batch_0015\forecast_maps.npz,runs\phase10_margin_aware_boundary_band_seed202_40e\evaluation_test\test_batch_0015\summary.json,15,0,test,location3,r200y_p0.5_d3h,6,12,12,mass_preserving,location3|r200y_p0.5_d3h|6,196608,0.12871297200520834,0.12371317545572917,0.03884454279617482,0.047495524088541664,0.08503912115703785,0.010945638020833334,1.9122755527496338,1.847899079322815,0.06437647342681885,-0.008460526485221494,0.008460526485221494,0.018342613931977596,0.03738742913337739,True,0.11932073774179038,,0.0,0.0,0.0,0.0,0.11535088284071647,0.0,0.0,0.15315785408020022,0.2685087369209167,reliable
seed42,phase10_margin_aware_boundary_band_seed42_40e,runs\phase10_margin_aware_boundary_band_seed42_40e,runs\phase10_margin_aware_boundary_band_seed42_40e\evaluation_test\test_batch_0002\forecast_maps.npz,runs\phase10_margin_aware_boundary_band_seed42_40e\evaluation_test\test_batch_0002\summary.json,2,1,test,location1,r200y_p0.5_d3h,12,12,12,mass_preserving,location1|r200y_p0.5_d3h|12,196608,0.13707987467447916,0.14720662434895834,0.0,0.06712849934895833,0.0743571667099551,0.01019287109375,1.9618059396743774,2.1434061527252197,0.0,-0.0010390254002714133,0.0010390254002714133,0.020566339247457974,0.04677467696401513,True,0.11807580174927114,,0.17128499348958323,0.0,0.0,0.0,0.0,0.0,0.0,0.07879645029703777,0.250081443786621,reliable
seed123,phase10_margin_aware_boundary_band_seed123_40e,runs\phase10_margin_aware_boundary_band_seed123_40e,runs\phase10_margin_aware_boundary_band_seed123_40e\evaluation_test\test_batch_0013\forecast_maps.npz,runs\phase10_margin_aware_boundary_band_seed123_40e\evaluation_test\test_batch_0013\summary.json,13,1,test,location3,r100y_p0.5_d3h,6,12,12,mass_preserving,location3|r100y_p0.5_d3h|6,196608,0.122039794921875,0.12370808919270833,0.0,0.052831013997395836,0.109152288072018,0.0133209228515625,1.866689920425415,2.229633092880249,0.0,-0.0033156386073259964,0.0033156386073259964,0.023298285845250653,0.05866200102086689,True,0.15198558055700914,,0.028310139973958325,0.04067683587563554,0.0,0.0,0.0,0.003971161114018296,0.0,0.16074878374735518,0.23370692071096733,reliable
seed123,phase10_margin_aware_boundary_band_seed123_40e,runs\phase10_margin_aware_boundary_band_seed123_40e,runs\phase10_margin_aware_boundary_band_seed123_40e\evaluation_test\test_batch_0001\forecast_maps.npz,runs\phase10_margin_aware_boundary_band_seed123_40e\evaluation_test\test_batch_0001\summary.json,1,0,test,location1,r100y_p0.5_d3h,12,12,12,mass_preserving,location1|r100y_p0.5_d3h|12,196608,0.13135782877604166,0.15009053548177084,0.0,0.061284383138020836,0.042282970649732826,0.00555419921875,1.9066872596740723,2.392242193222046,0.0,0.0025849669377738718,0.0,0.02166341987791966,0.052590192189454,True,0.06499279944900131,,0.11284383138020831,0.0,0.0,0.0,0.0,0.0,0.0,0.09146728515625001,0.20431111653645834,reliable
seed202,phase10_margin_aware_boundary_band_seed202_40e,runs\phase10_margin_aware_boundary_band_seed202_40e,runs\phase10_margin_aware_boundary_band_seed202_40e\evaluation_test\test_batch_0000\forecast_maps.npz,runs\phase10_margin_aware_boundary_band_seed202_40e\evaluation_test\test_batch_0000\summary.json,0,0,test,location1,r100y_p0.5_d3h,0,12,12,mass_preserving,location1|r100y_p0.5_d3h|0,196608,0.18845113118489584,0.1861572265625,0.012172411001052603,0.058970133463541664,0.09095570969744407,0.017140706380208332,1.9651845693588257,2.168839693069458,0.0,-0.006269795922773266,0.006269795922773266,0.02191449072437736,0.04339314565030397,True,0.15485391140433552,,0.0897013346354166,0.0,0.0,0.0,0.042326530759108846,0.009707822808671052,0.0,0.05468565622965496,0.19642134443285145,reliable
seed123,phase10_margin_aware_boundary_band_seed123_40e,runs\phase10_margin_aware_boundary_band_seed123_40e,runs\phase10_margin_aware_boundary_band_seed123_40e\evaluation_test\test_batch_0015\forecast_maps.npz,runs\phase10_margin_aware_boundary_band_seed123_40e\evaluation_test\test_batch_0015\summary.json,15,1,test,location3,r200y_p0.5_d3h,12,12,12,mass_preserving,location3|r200y_p0.5_d3h|12,196608,0.11313883463541667,0.12018330891927083,0.0,0.056488037109375,0.0838428340226578,0.009485880533854166,1.820621371269226,2.231203556060791,0.0,-0.003230127649868191,0.003230127649868191,0.023828660390536258,0.059155806190456635,True,0.11516469857054071,,0.06488037109374996,0.0,0.0,0.0,0.0,0.0,0.0,0.12980848948160809,0.19468886057535806,reliable
seed123,phase10_margin_aware_boundary_band_seed123_40e,runs\phase10_margin_aware_boundary_band_seed123_40e,runs\phase10_margin_aware_boundary_band_seed123_40e\evaluation_test\test_batch_0014\forecast_maps.npz,runs\phase10_margin_aware_boundary_band_seed123_40e\evaluation_test\test_batch_0014\summary.json,14,0,test,location3,r100y_p0.5_d3h,12,12,12,mass_preserving,location3|r100y_p0.5_d3h|12,196608,0.1072540283203125,0.11918131510416667,0.0,0.055531819661458336,0.08076065822544695,0.008661905924479166,1.7803488969802856,2.230635166168213,0.0,-0.0007129990472539505,0.0007129990472539505,0.023765034429641313,0.05902654004139004,True,0.10975294269822791,,0.05531819661458332,0.0,0.0,0.0,0.0,0.0,0.0,0.1360800902048747,0.191398286819458,reliable
seed123,phase10_margin_aware_boundary_band_seed123_40e,runs\phase10_margin_aware_boundary_band_seed123_40e,runs\phase10_margin_aware_boundary_band_seed123_40e\evaluation_test\test_batch_0002\forecast_maps.npz,runs\phase10_margin_aware_boundary_band_seed123_40e\evaluation_test\test_batch_0002\summary.json,2,1,test,location1,r200y_p0.5_d3h,12,12,12,mass_preserving,location1|r200y_p0.5_d3h|12,196608,0.13707987467447916,0.1513214111328125,0.0,0.0611572265625,0.05068457571147638,0.006947835286458333,1.9618059396743774,2.382540225982666,0.0,-0.0002977955883683237,0.0002977955883683237,0.022005224450626058,0.05234292219591997,True,0.07981049562682216,,0.11157226562499996,0.0,0.0,0.0,0.0,0.0,0.0,0.07879645029703777,0.19036871592203775,reliable
seed202,phase10_margin_aware_boundary_band_seed202_40e,runs\phase10_margin_aware_boundary_band_seed202_40e,runs\phase10_margin_aware_boundary_band_seed202_40e\evaluation_test\test_batch_0000\forecast_maps.npz,runs\phase10_margin_aware_boundary_band_seed202_40e\evaluation_test\test_batch_0000\summary.json,0,1,test,location1,r100y_p0.5_d3h,6,12,12,mass_preserving,location1|r100y_p0.5_d3h|6,196608,0.15958658854166666,0.15672810872395834,0.017911779704232536,0.053802490234375,0.08050739418663946,0.012847900390625,1.9651845693588257,2.137451648712158,0.0,-0.007795894547979029,0.007795894547979029,0.019124070793637777,0.03746117712367364,True,0.12326639298790636,,0.038024902343749965,0.0,0.0,0.0,0.09319648493263429,0.0,0.0,0.05586153666178386,0.1870829239381681,reliable
seed202,phase10_margin_aware_boundary_band_seed202_40e,runs\phase10_margin_aware_boundary_band_seed202_40e,runs\phase10_margin_aware_boundary_band_seed202_40e\evaluation_test\test_batch_0013\forecast_maps.npz,runs\phase10_margin_aware_boundary_band_seed202_40e\evaluation_test\test_batch_0013\summary.json,13,1,test,location3,r100y_p0.5_d3h,6,12,12,mass_preserving,location3|r100y_p0.5_d3h|6,196608,0.122039794921875,0.1224212646484375,0.0,0.045252482096354164,0.07026756689172294,0.008575439453125,1.866689920425415,1.8385099172592163,0.02818000316619873,-0.005785256566172962,0.005785256566172962,0.01735863518165955,0.03427743372133901,True,0.09738938310366882,,0.0,0.0,0.0,0.0,0.02617521887243205,0.0,0.0,0.16074878374735518,0.18692400261978723,reliable
seed42,phase10_margin_aware_boundary_band_seed42_40e,runs\phase10_margin_aware_boundary_band_seed42_40e,runs\phase10_margin_aware_boundary_band_seed42_40e\evaluation_test\test_batch_0015\forecast_maps.npz,runs\phase10_margin_aware_boundary_band_seed42_40e\evaluation_test\test_batch_0015\summary.json,15,1,test,location3,r200y_p0.5_d3h,12,12,12,mass_preserving,location3|r200y_p0.5_d3h|12,196608,0.11313883463541667,0.11824544270833333,0.0,0.055623372395833336,0.09292393454414674,0.0105133056640625,1.820621371269226,1.886490821838379,0.0,-0.003820754742588032,0.003820754742588032,0.02086052098494782,0.05156893944654802,True,0.1281541330018645,,0.05623372395833332,0.0,0.0,0.0,0.0,0.0,0.0,0.12980848948160809,0.1860422134399414,reliable
seed42,phase10_margin_aware_boundary_band_seed42_40e,runs\phase10_margin_aware_boundary_band_seed42_40e,runs\phase10_margin_aware_boundary_band_seed42_40e\evaluation_test\test_batch_0014\forecast_maps.npz,runs\phase10_margin_aware_boundary_band_seed42_40e\evaluation_test\test_batch_0014\summary.json,14,0,test,location3,r100y_p0.5_d3h,12,12,12,mass_preserving,location3|r100y_p0.5_d3h|12,196608,0.1072540283203125,0.11774190266927083,0.0,0.054926554361979164,0.07905344525062835,0.008478800455729166,1.7803488969802856,1.8765150308609009,0.0,-0.001256146231381165,0.001256146231381165,0.02046136279722716,0.04943026956159871,True,0.10768335273573923,,0.04926554361979161,0.0,0.0,0.0,0.0,0.0,0.0,0.1360800902048747,0.1853456338246663,reliable
seed123,phase10_margin_aware_boundary_band_seed123_40e,runs\phase10_margin_aware_boundary_band_seed123_40e,runs\phase10_margin_aware_boundary_band_seed123_40e\evaluation_test\test_batch_0002\forecast_maps.npz,runs\phase10_margin_aware_boundary_band_seed123_40e\evaluation_test\test_batch_0002\summary.json,2,0,test,location1,r200y_p0.5_d3h,6,12,12,mass_preserving,location1|r200y_p0.5_d3h|6,196608,0.16591898600260416,0.16358439127604166,0.01407069065939119,0.056447347005208336,0.08868520278348303,0.014714558919270834,2.024629592895508,2.359013319015503,0.0,-0.006909175785333844,0.006909175785333844,0.022166987772175534,0.05009919736202842,True,0.1513894872899612,,0.06447347005208331,0.0,0.0,0.0,0.06363919284446146,0.002778974579922433,0.0,0.04132690429687501,0.17221854177334223,reliable
seed202,phase10_margin_aware_boundary_band_seed202_40e,runs\phase10_margin_aware_boundary_band_seed202_40e,runs\phase10_margin_aware_boundary_band_seed202_40e\evaluation_test\test_batch_0001\forecast_maps.npz,runs\phase10_margin_aware_boundary_band_seed202_40e\evaluation_test\test_batch_0001\summary.json,1,0,test,location1,r100y_p0.5_d3h,12,12,12,mass_preserving,location1|r100y_p0.5_d3h|12,196608,0.13135782877604166,0.15262858072916666,0.0,0.055775960286458336,0.016495005033686984,0.002166748046875,1.9066872596740723,2.105041265487671,0.0,0.003718086371273384,0.0,0.018801548118167796,0.03849149515911569,True,0.02479494083025484,,0.05775960286458332,0.0,0.0,0.0,0.0,0.0,0.0,0.09146728515625001,0.14922688802083334,reliable
seed202,phase10_margin_aware_boundary_band_seed202_40e,runs\phase10_margin_aware_boundary_band_seed202_40e,runs\phase10_margin_aware_boundary_band_seed202_40e\evaluation_test\test_batch_0014\forecast_maps.npz,runs\phase10_margin_aware_boundary_band_seed202_40e\evaluation_test\test_batch_0014\summary.json,14,0,test,location3,r100y_p0.5_d3h,12,12,12,mass_preserving,location3|r100y_p0.5_d3h|12,196608,0.1072540283203125,0.122283935546875,0.0,0.046427408854166664,0.02565561720491298,0.0027516682942708335,1.7803488969802856,1.896480917930603,0.0,0.0018956588928565367,0.0,0.018315293302332208,0.03734126795868808,True,0.034924330616996506,,0.0,0.0,0.0,0.0,0.0,0.0,0.0,0.1360800902048747,0.1360800902048747,reliable
seed202,phase10_margin_aware_boundary_band_seed202_40e,runs\phase10_margin_aware_boundary_band_seed202_40e,runs\phase10_margin_aware_boundary_band_seed202_40e\evaluation_test\test_batch_0015\forecast_maps.npz,runs\phase10_margin_aware_boundary_band_seed202_40e\evaluation_test\test_batch_0015\summary.json,15,1,test,location3,r200y_p0.5_d3h,12,12,12,mass_preserving,location3|r200y_p0.5_d3h|12,196608,0.11313883463541667,0.12322489420572917,0.0,0.046722412109375,0.02877180363244021,0.0032552083333333335,1.820621371269226,1.9020415544509888,0.0,-7.655392355976458e-05,7.655392355976458e-05,0.017797089329160822,0.035965860950296615,True,0.03965195773772529,,0.0,0.0,0.0,0.0,0.0,0.0,0.0,0.12980848948160809,0.12980848948160809,reliable
seed202,phase10_margin_aware_boundary_band_seed202_40e,runs\phase10_margin_aware_boundary_band_seed202_40e,runs\phase10_margin_aware_boundary_band_seed202_40e\evaluation_test\test_batch_0002\forecast_maps.npz,runs\phase10_margin_aware_boundary_band_seed202_40e\evaluation_test\test_batch_0002\summary.json,2,1,test,location1,r200y_p0.5_d3h,12,12,12,mass_preserving,location1|r200y_p0.5_d3h|12,196608,0.13707987467447916,0.1543121337890625,0.0,0.0546417236328125,0.020741345404623204,0.0028432210286458335,1.9618059396743774,2.1143455505371094,0.0,0.001483932998717412,0.0,0.018521205979313577,0.03802538469172776,True,0.032434402332361514,,0.046417236328124965,0.0,0.0,0.0,0.0,0.0,0.0,0.07879645029703777,0.12521368662516275,reliable
seed123,phase10_margin_aware_boundary_band_seed123_40e,runs\phase10_margin_aware_boundary_band_seed123_40e,runs\phase10_margin_aware_boundary_band_seed123_40e\evaluation_test\test_batch_0000\forecast_maps.npz,runs\phase10_margin_aware_boundary_band_seed123_40e\evaluation_test\test_batch_0000\summary.json,0,1,test,location1,r100y_p0.5_d3h,6,12,12,mass_preserving,location1|r100y_p0.5_d3h|6,196608,0.15958658854166666,0.16225687662760416,0.0,0.0550537109375,0.07422870984191739,0.011845906575520834,1.9651845693588257,2.3631551265716553,0.0,-0.003876682443472844,0.003876682443472844,0.021069055578788704,0.0474657264080249,True,0.1258182625097082,,0.050537109374999965,0.0,0.0,0.0,0.0,0.0,0.0,0.05586153666178386,0.10639864603678383,reliable
