split,location,scenario,scenario_type,phase48_warning_level,phase53_warning_level,warning_label_transition,comparability_status,comparability_reason,phase48_rmse,phase52_rmse,delta_rmse,relative_change_rmse,direction_rmse,phase48_mae,phase52_mae,delta_mae,relative_change_mae,direction_mae,phase48_wet_dry_iou,phase52_wet_dry_iou,delta_wet_dry_iou,relative_change_wet_dry_iou,direction_wet_dry_iou,phase48_false_dry_rate,phase52_false_dry_rate,delta_false_dry_rate,relative_change_false_dry_rate,direction_false_dry_rate,phase48_false_wet_rate,phase52_false_wet_rate,delta_false_wet_rate,relative_change_false_wet_rate,direction_false_wet_rate,phase48_peak_depth_bias,phase52_peak_depth_bias,delta_peak_depth_bias,relative_change_peak_depth_bias,direction_peak_depth_bias,phase48_absolute_peak_depth_error,phase52_absolute_peak_depth_error,delta_absolute_peak_depth_error,relative_change_absolute_peak_depth_error,direction_absolute_peak_depth_error,phase48_absolute_peak_timing_error,phase52_absolute_peak_timing_error,delta_absolute_peak_timing_error,relative_change_absolute_peak_timing_error,direction_absolute_peak_timing_error,phase48_signed_volume_bias_proxy,phase52_signed_volume_bias_proxy,delta_signed_volume_bias_proxy,relative_change_signed_volume_bias_proxy,direction_signed_volume_bias_proxy,phase48_absolute_relative_volume_bias_proxy,phase52_absolute_relative_volume_bias_proxy,delta_absolute_relative_volume_bias_proxy,relative_change_absolute_relative_volume_bias_proxy,direction_absolute_relative_volume_bias_proxy
test,location1,G1135_intensity_103,measured,caution,reliable,improved,matched,,0.010105772224426502,0.00553428673996515,-0.004571485484461352,-0.45236379595135606,improved,0.004618382741076251,0.0022169488753813007,-0.00240143386569495,-0.5199728996768529,improved,0.884897942975141,0.9421053710957528,0.05720742812061175,0.06464861691086432,improved,0.06693325517125868,0.038229629009295704,-0.02870362616196298,-0.42883953706599937,improved,0.0035198492421493824,0.0013497268055472824,-0.0021701224366021,-0.6165384615384616,improved,0.015064001083374023,-0.00725710391998291,-0.022321105003356934,-1.481751420477027,improved,0.015064001083374023,0.00725710391998291,-0.007806897163391113,-0.518248579522973,improved,0.0,4.0,4.0,,degraded,0.0009481879956289335,-0.013099308534274495,-0.014047496529903428,-14.81509636766253,degraded,0.0009481879956289335,0.013099308534274495,0.012151120538645562,12.81509636766253,degraded
test,location1,G1135_intensity_161,measured,caution,reliable,improved,matched,,0.007771292212772041,0.0037657228151818174,-0.004005569397590223,-0.5154315766182502,improved,0.0042810528151070075,0.0019539191077152887,-0.002327133707391719,-0.5435891141496115,improved,0.8832039563521842,0.9491893698813304,0.06598541352914622,0.0747114107161382,improved,0.052500296947380926,0.025656253711842263,-0.026844043235538663,-0.5113122171945701,improved,0.003684473843642312,0.0013412660402526764,-0.0023432078033896356,-0.6359680928208846,improved,0.011025547981262207,0.0034906864166259766,-0.0075348615646362305,-0.6834001881304804,improved,0.011025547981262207,0.0034906864166259766,-0.0075348615646362305,-0.6834001881304804,improved,11.0,0.0,-11.0,-1.0,improved,0.022360535057648595,-0.01629357038837675,-0.03865410544602535,-1.7286753356469176,improved,0.022360535057648595,0.01629357038837675,-0.006066964669271844,-0.2713246643530827,improved
test,location1,G1166_intensity_246,measured,caution,caution,unchanged,matched,,0.009491679949558702,0.0052945007137597325,-0.004197179235798969,-0.4421956132216731,improved,0.004351042676717043,0.00214135687565431,-0.002209685801062733,-0.5078520173766692,improved,0.8369107353032275,0.9071202939659618,0.07020955866273437,0.083891334763792,improved,0.09436586673816866,0.05676028958305403,-0.03760557715511463,-0.39850825785828453,improved,0.003238187883626136,0.0015701906962236121,-0.0016679971874025237,-0.5151020408163265,improved,0.009065389633178711,0.002572178840637207,-0.006493210792541504,-0.7162638403071825,improved,0.009065389633178711,0.002572178840637207,-0.006493210792541504,-0.7162638403071825,improved,2.0,2.0,0.0,0.0,unchanged,-0.004909137098902527,-0.029716564797417248,-0.02480742769851472,-5.053317354705902,degraded,0.004909137098902527,0.029716564797417248,0.02480742769851472,5.053317354705902,degraded
test,location1,G1166_intensity_394,measured,caution,reliable,improved,matched,,0.01158688582879446,0.006279660254407067,-0.005307225574387393,-0.4580372718611292,improved,0.005649166841370364,0.0028175629364947477,-0.002831603904875616,-0.5012427468310939,improved,0.9002992189220347,0.9446912439354435,0.044392025013408776,0.04930807900351305,improved,0.0632631607320952,0.03558047386722014,-0.027682686864875065,-0.43757988922028124,improved,0.004216310931519697,0.002175549047082841,-0.0020407618844368565,-0.484015984015984,improved,0.025275349617004395,0.0037975311279296875,-0.021477818489074707,-0.8497535667963684,improved,0.025275349617004395,0.0037975311279296875,-0.021477818489074707,-0.8497535667963684,improved,96.0,2.0,-94.0,-0.9791666666666666,improved,-0.01742938797059034,-0.008569730664557948,0.00885965730603239,0.5083171779170804,improved,0.01742938797059034,0.008569730664557948,-0.00885965730603239,-0.5083171779170804,improved
test,location1,G3501_intensity_151,measured,reliable,reliable,unchanged,matched,,0.008135115569305695,0.004119740295626141,-0.004015375273679554,-0.49358552309076204,improved,0.0046243356773629785,0.002208154124673456,-0.0024161815526895225,-0.5224926824661974,improved,0.9017003806326147,0.9534419744593026,0.05174159382668786,0.05738224685054143,improved,0.04743593120341349,0.026602049147944267,-0.02083388205546922,-0.43920044419766796,improved,0.0044038128451509735,0.00163403732651205,-0.002769775518638924,-0.6289494163424125,improved,0.01201629638671875,-0.006168365478515625,-0.018184661865234375,-1.5133333333333334,improved,0.01201629638671875,0.006168365478515625,-0.005847930908203125,-0.4866666666666667,improved,0.0,0.0,0.0,,unchanged,0.01311729045229536,-0.007641747405133102,-0.020759037857428463,-1.582570572247708,improved,0.01311729045229536,0.007641747405133102,-0.005475543047162257,-0.41742942775229214,improved
test,location1,G3531_intensity_128,measured,high-risk,reliable,improved,matched,,0.014358219388239358,0.006569440464807087,-0.00778877892343227,-0.5424613395872725,improved,0.005895803294455011,0.0027112020179629326,-0.003184601276492079,-0.5401471381325067,improved,0.8710314882560087,0.940218198273363,0.06918671001735421,0.07943077942667813,improved,0.06967368759311734,0.028833513481931583,-0.04084017411118576,-0.5861635220125786,improved,0.006491218296029082,0.003138710531080686,-0.0033525077649483965,-0.5164681901083575,improved,0.025195598602294922,0.009189724922180176,-0.016005873680114746,-0.635264671927932,improved,0.025195598602294922,0.009189724922180176,-0.016005873680114746,-0.635264671927932,improved,37.0,2.0,-35.0,-0.9459459459459459,improved,0.013050670891452202,0.00587252930553758,-0.007178141585914622,-0.5500208874791326,improved,0.013050670891452202,0.00587252930553758,-0.007178141585914622,-0.5500208874791326,improved
test,location1,r100y_p0.5_d3h,design,high-risk,reliable,improved,matched,,0.01367455993891208,0.005472416004106591,-0.008202143934805489,-0.5998104488514923,improved,0.006032016671573122,0.0025282855688904724,-0.0035037311026826497,-0.5808556728953623,improved,0.9071095707920109,0.9627751515025302,0.0556655807105193,0.061365884015441324,improved,0.060274218878060906,0.02217122552466965,-0.038102993353391255,-0.6321607158522677,improved,0.004914200231979158,0.002136954424406231,-0.0027772458075729267,-0.5651470588235293,improved,0.012572526931762695,0.004940032958984375,-0.00763249397277832,-0.607077162308232,improved,0.012572526931762695,0.004940032958984375,-0.00763249397277832,-0.607077162308232,improved,11.0,3.0,-8.0,-0.7272727272727273,improved,-0.008514146602541189,-0.004496034640937448,0.004018111961603741,0.4719336122782368,improved,0.008514146602541189,0.004496034640937448,-0.004018111961603741,-0.4719336122782368,improved
test,location1,r100y_p0.8_d3h,design,high-risk,reliable,improved,matched,,0.013284833397875728,0.006308179828777061,-0.006976653569098667,-0.5251592820286514,improved,0.006140995072200894,0.0028601693144689002,-0.003280825757731994,-0.5342498600240965,improved,0.9061948403716799,0.9572157671842763,0.0510209268125964,0.05630238061350023,improved,0.04748108445415139,0.01772879731672257,-0.02975228713742882,-0.6266134710161934,improved,0.006584698237812746,0.003371652569072946,-0.0032130456687398,-0.48795640326975476,improved,0.015520095825195312,0.005509138107299805,-0.010010957717895508,-0.6450319528081603,improved,0.015520095825195312,0.005509138107299805,-0.010010957717895508,-0.6450319528081603,improved,11.0,3.0,-8.0,-0.7272727272727273,improved,0.017286357118994105,0.010017994396185585,-0.00726836272280852,-0.4204681572164273,improved,0.017286357118994105,0.010017994396185585,-0.00726836272280852,-0.4204681572164273,improved
test,location1,r200y_p0.5_d3h,design,high-risk,reliable,improved,matched,,0.012236500722517642,0.0060148755574805386,-0.0062216251650371035,-0.5084480691108081,improved,0.0058017340100680785,0.0026940455039342246,-0.003107688506133854,-0.5356482218490033,improved,0.9183513593071949,0.9668254442719533,0.04847408496475836,0.05278381141758994,improved,0.05081460398468937,0.015914221218961626,-0.034900382765727746,-0.6868179623370353,improved,0.00499750197942566,0.0026572511255700893,-0.0023402508538555708,-0.4682841274481146,improved,-0.016758203506469727,-0.0018036365509033203,0.014954566955566406,0.8923729175262132,improved,0.016758203506469727,0.0018036365509033203,-0.014954566955566406,-0.8923729175262132,improved,0.0,3.0,3.0,,degraded,-0.007976594136284907,0.003829081570404066,0.011805675706688973,1.480039664170184,improved,0.007976594136284907,0.003829081570404066,-0.004147512565880841,-0.5199603358298159,improved
test,location1,r200y_p0.7_d3h,design,caution,reliable,improved,matched,,0.011222721604274734,0.005114807686030872,-0.006107913918243862,-0.5442453384852172,improved,0.005633754539303482,0.0024647239091185233,-0.0031690306301849582,-0.5625077571407212,improved,0.9156570011042036,0.9661414528001976,0.050484451695994026,0.05513467557733313,improved,0.053376423675362925,0.021006541739425056,-0.03236988193593787,-0.6064453125000001,improved,0.004697980259504033,0.0018479108542315493,-0.0028500694052724833,-0.6066584463625153,improved,-0.022998809814453125,-0.0003592967987060547,0.02263951301574707,0.9843775916404047,improved,0.022998809814453125,0.0003592967987060547,-0.02263951301574707,-0.9843775916404047,improved,0.0,3.0,3.0,,degraded,-0.0048732164977361775,-0.005746659001445131,-0.0008734425037089533,-0.1792332649523586,degraded,0.0048732164977361775,0.005746659001445131,0.0008734425037089533,0.1792332649523586,degraded
test,location1,r300y_p0.1_d3h,design,caution,reliable,improved,matched,,0.013358786560154842,0.0071317024841335225,-0.006227084076021319,-0.466141445406037,improved,0.005988310130002598,0.002757610830788811,-0.003230699299213787,-0.5395009992931654,improved,0.9162704495656768,0.9647481982754451,0.04847774870976829,0.052907685424917195,improved,0.060257765381984844,0.02559000914880577,-0.034667756233179074,-0.5753242924528301,improved,0.004279890598635599,0.0016732235263389869,-0.0026066670722966123,-0.6090499306518724,improved,-0.01819777488708496,-0.008629322052001953,0.009568452835083008,0.5258034509413445,improved,0.01819777488708496,0.008629322052001953,-0.009568452835083008,-0.5258034509413445,improved,0.0,40.0,40.0,,degraded,-0.01753659091968262,-0.012096194325408254,0.005440396594274366,0.31023114008824854,improved,0.01753659091968262,0.012096194325408254,-0.005440396594274366,-0.31023114008824854,improved
test,location1,r300y_p0.5_d3h,design,caution,reliable,improved,matched,,0.013141754852961623,0.0055982683509918875,-0.007543486501969736,-0.5740090715715745,improved,0.0061147566108653946,0.00261876592412591,-0.0034959906867394848,-0.5717301454856619,improved,0.9168097479922459,0.9676912721561588,0.050881524163912895,0.05549845458705052,improved,0.05673745393762109,0.0169053679291874,-0.03983208600843369,-0.7020421827920991,improved,0.004460169715476994,0.002460580791026808,-0.0019995889244501866,-0.4483212639894668,improved,-0.03625941276550293,-0.0077898502349853516,0.028469562530517578,0.7851633647416214,improved,0.03625941276550293,0.0077898502349853516,-0.028469562530517578,-0.7851633647416214,improved,0.0,3.0,3.0,,degraded,-0.021207283720161087,-0.0006152769966387732,0.020592006723522314,0.9709874680436397,improved,0.021207283720161087,0.0006152769966387732,-0.020592006723522314,-0.9709874680436397,improved
test,location1,r300y_p0.6_d3h,design,high-risk,reliable,improved,matched,,0.015791566538873036,0.005995774887190399,-0.009795791651682637,-0.6203179163744772,improved,0.006744041301620503,0.002693194857177635,-0.004050846444442868,-0.6006556400343372,improved,0.8987276310456161,0.9621241076020742,0.06339647655645808,0.07054025531928962,improved,0.07721377898327138,0.024593026315160037,-0.05262075266811134,-0.6814943312062449,improved,0.004103177763064215,0.002116113478235047,-0.001987064284829168,-0.48427448177269483,improved,-0.050170183181762695,-0.011213541030883789,0.038956642150878906,0.7764899324712848,improved,0.050170183181762695,0.011213541030883789,-0.038956642150878906,-0.7764899324712848,improved,11.0,11.0,0.0,0.0,unchanged,-0.03914187001376328,-0.007732952561029911,0.031408917452733366,0.802437835537474,improved,0.03914187001376328,0.007732952561029911,-0.031408917452733366,-0.802437835537474,improved
test,location1,r300y_p0.8_d3h,design,high-risk,reliable,improved,matched,,0.014701976554463004,0.005865095585665224,-0.00883688096879778,-0.6010675459902848,improved,0.006353348532381157,0.0027303125631685057,-0.0036230359692126517,-0.5702561335565172,improved,0.9037500848764684,0.9624180258954095,0.05866794101894113,0.06491611121337855,improved,0.06267700216804077,0.02111701886849399,-0.041559983299546785,-0.6630818619582666,improved,0.005374555971433707,0.0024751340364043382,-0.002899421935029369,-0.5394719025050779,improved,-0.033025264739990234,0.0021228790283203125,0.03514814376831055,1.0642804545257656,improved,0.033025264739990234,0.0021228790283203125,-0.030902385711669922,-0.9357195454742344,improved,11.0,7.0,-4.0,-0.36363636363636365,improved,-0.017863031095449403,-0.001716456625335459,0.016146574470113945,0.9039101137895502,improved,0.017863031095449403,0.001716456625335459,-0.016146574470113945,-0.9039101137895502,improved
test,location1,r500y_p0.1_d3h,design,high-risk,reliable,improved,matched,,0.014728131050044413,0.007616249641823078,-0.007111881408221336,-0.48287738505693767,improved,0.0064749143008763594,0.002947060236086448,-0.0035278540647899113,-0.5448495379023669,improved,0.909609185048023,0.9619928159465749,0.052383630898551914,0.057589162202431265,improved,0.0716520317867039,0.02879020690300969,-0.04286182488369421,-0.5981941309255079,improved,0.003617547497128011,0.0016824585570320565,-0.0019350889400959546,-0.5349173553719008,improved,-0.03895831108093262,-0.016324520111083984,0.022633790969848633,0.5809746455083444,improved,0.03895831108093262,0.016324520111083984,-0.022633790969848633,-0.5809746455083444,improved,0.0,0.0,0.0,,unchanged,-0.03369233578259793,-0.014904512434829948,0.01878782334776798,0.5576289951815059,improved,0.03369233578259793,0.014904512434829948,-0.01878782334776798,-0.5576289951815059,improved
test,location1,r500y_p0.3_d3h,design,high-risk,reliable,improved,matched,,0.017437123733624518,0.006647549551509598,-0.01078957418211492,-0.6187702941689327,improved,0.0073753593023866415,0.002985826945708444,-0.004389532356678197,-0.5951618323540874,improved,0.9032680840304262,0.9647952384804349,0.06152715445000867,0.06811616123473721,improved,0.07787715698042101,0.025077115679973155,-0.05280004130044785,-0.6779913821677163,improved,0.003619758269976373,0.0018203236147449197,-0.0017994346552314534,-0.4971145919208574,improved,-0.0450282096862793,-0.015378236770629883,0.029649972915649414,0.6584755006300897,improved,0.0450282096862793,0.015378236770629883,-0.029649972915649414,-0.6584755006300897,improved,11.0,3.0,-8.0,-0.7272727272727273,improved,-0.05241776593849284,-0.013032823983248693,0.03938494195524414,0.7513662829785335,improved,0.05241776593849284,0.013032823983248693,-0.03938494195524414,-0.7513662829785335,improved
test,location2,G1135_intensity_103,measured,high-risk,high-risk,unchanged,matched,,0.007115698010527896,0.004070526743277494,-0.0030451712672504025,-0.42795116694735735,improved,0.0029722228452252844,0.0014094827929511666,-0.0015627400522741177,-0.5257815896222503,improved,0.7753793545629408,0.8795215128823455,0.10414215831940465,0.1343112345028926,improved,0.16046280991735537,0.08366942148760331,-0.07679338842975206,-0.47857437165224553,improved,0.0016225705199097117,0.00082068488941498,-0.0008018856304947316,-0.4942069516580104,improved,0.2524474859237671,0.016635894775390625,-0.23581159114837646,-0.9341015628873632,improved,0.2524474859237671,0.016635894775390625,-0.23581159114837646,-0.9341015628873632,improved,5.0,4.0,-1.0,-0.2,improved,0.03546269953286267,-0.033248401948920696,-0.06871110148178336,-1.937559813180888,improved,0.03546269953286267,0.033248401948920696,-0.002214297583941975,-0.062440186819111836,improved
test,location2,G1135_intensity_161,measured,high-risk,high-risk,unchanged,matched,,0.0056874454158098,0.0030117618244296703,-0.0026756835913801296,-0.47045437727496076,improved,0.0027053874412861965,0.0012382132408674806,-0.0014671742004187158,-0.5423157430350128,improved,0.8264394618834081,0.9301247503109336,0.10368528842752545,0.1254602341848883,improved,0.10428088183832963,0.040437030988763174,-0.06384385084956645,-0.6122296793437731,improved,0.0013935345426576047,0.0005261303885544018,-0.0008674041541032029,-0.6224489795918366,improved,0.11069095134735107,-0.044094204902648926,-0.15478515625,-1.3983541957669166,improved,0.11069095134735107,0.044094204902648926,-0.06659674644470215,-0.6016458042330834,improved,1.0,1.0,0.0,0.0,unchanged,0.051536980405336656,-0.037198297371045914,-0.08873527777638257,-1.7217787514612328,improved,0.051536980405336656,0.037198297371045914,-0.014338683034290742,-0.2782212485387671,improved
test,location2,G1166_intensity_246,measured,high-risk,high-risk,unchanged,matched,,0.006926437686055327,0.005451507039296597,-0.00147493064675873,-0.21294216646576333,improved,0.002930005566061785,0.0014946745747389893,-0.0014353309913227956,-0.4898731278698632,improved,0.771089996025868,0.8658261700095511,0.09473617398368306,0.12286007401463539,improved,0.1445691382765531,0.0916633266533066,-0.05290581162324649,-0.36595508733019133,improved,0.0017630178420764977,0.000791387635230381,-0.0009716302068461166,-0.5511176255038476,improved,0.09159910678863525,-0.15029680728912354,-0.2418959140777588,-2.6408108393014476,degraded,0.09159910678863525,0.15029680728912354,0.05869770050048828,0.6408108393014476,degraded,1.0,1.0,0.0,0.0,unchanged,0.032299402476439414,-0.05863134937552032,-0.09093075185195973,-2.815245635528043,degraded,0.032299402476439414,0.05863134937552032,0.02633194689908091,0.8152456355280434,degraded
test,location2,G1166_intensity_394,measured,high-risk,reliable,improved,matched,,0.009649124305794489,0.005370857633370996,-0.004278266672423493,-0.4433839317267692,improved,0.0036234724102541804,0.0017595827715316166,-0.0018638896387225639,-0.5143932194565309,improved,0.8073695397244209,0.9015969894969389,0.09422744977251796,0.11670919589644238,improved,0.13951217606967797,0.059562169234674944,-0.07995000683500303,-0.5730683090705487,improved,0.002214033780280313,0.0014497353871470377,-0.0007642983931332751,-0.3452062926684476,improved,0.28388357162475586,0.09284305572509766,-0.1910405158996582,-0.6729537563807326,improved,0.28388357162475586,0.09284305572509766,-0.1910405158996582,-0.6729537563807326,improved,1.0,0.0,-1.0,-1.0,improved,0.023854496814595182,-0.002594927241417864,-0.026449424056013048,-1.1087814704953316,improved,0.023854496814595182,0.002594927241417864,-0.021259569573177317,-0.8912185295046685,improved
test,location2,G3501_intensity_151,measured,high-risk,high-risk,unchanged,matched,,0.0062131313995710865,0.0043911769369345075,-0.001821954462636579,-0.29324254477578804,improved,0.002909752094031622,0.0013923856992429744,-0.0015173663947886478,-0.5214761758917589,improved,0.8356436580404031,0.9261143651345181,0.09047070709411498,0.1082646965888189,improved,0.09887250650477017,0.04813529921942758,-0.05073720728534259,-0.5131578947368421,improved,0.0020030489116897986,0.0007107172245253517,-0.001292331687164447,-0.6451822916666667,improved,0.17741656303405762,-0.131311297416687,-0.30872786045074463,-1.7401298682101058,improved,0.17741656303405762,0.131311297416687,-0.046105265617370605,-0.2598701317898941,improved,1.0,4.0,3.0,3.0,degraded,0.04043149099247931,-0.03656769353754388,-0.07699918453002319,-1.904435939410344,improved,0.04043149099247931,0.03656769353754388,-0.003863797454935425,-0.09556406058965604,improved
test,location2,G3531_intensity_128,measured,high-risk,caution,improved,matched,,0.010259241887115963,0.00596835891223607,-0.004290882974879893,-0.4182456191298682,improved,0.0035668072135498128,0.001739974832162261,-0.0018268323813875518,-0.5121758121514574,improved,0.7493095768374165,0.8663906235858448,0.11708104674842834,0.15625190224124458,improved,0.18643903854524352,0.07406780480727378,-0.11237123373796974,-0.6027237354085604,improved,0.0023153619630299506,0.0018556849122761197,-0.00045967705075383096,-0.19853355893965022,improved,0.2522151470184326,-0.03520405292510986,-0.2874191999435425,-1.139579455640454,improved,0.2522151470184326,0.03520405292510986,-0.21701109409332275,-0.8604205443595462,improved,2.0,1.0,-1.0,-0.5,improved,0.010487614655940223,-0.006343355067193532,-0.016830969723133755,-1.604842499967391,improved,0.010487614655940223,0.006343355067193532,-0.004144259588746691,-0.3951575000326092,improved
test,location2,r100y_p0.5_d3h,design,caution,reliable,improved,matched,,0.011937414329086758,0.004844153342274657,-0.007093260986812101,-0.5942041376186993,improved,0.004094562376849353,0.0017868461436592042,-0.002307716233190149,-0.5636050988593975,improved,0.8393588693158541,0.9404922409918841,0.10113337167602998,0.12048883424376265,improved,0.10672098314645012,0.030587081215853507,-0.07613390193059662,-0.7133920592365632,improved,0.003144450661468375,0.001505201514938308,-0.001639249146530067,-0.5213149522799576,improved,0.0847172737121582,-0.008538246154785156,-0.09325551986694336,-1.1007851856021162,improved,0.0847172737121582,0.008538246154785156,-0.07617902755737305,-0.8992148143978836,improved,7.0,1.0,-6.0,-0.8571428571428571,improved,0.0036631681262222033,-0.0010275593504010345,-0.004690727476623238,-1.2805111081430893,improved,0.0036631681262222033,0.0010275593504010345,-0.002635608775821169,-0.7194888918569107,improved
test,location2,r100y_p0.8_d3h,design,high-risk,reliable,improved,matched,,0.012623533681663787,0.004723027168277614,-0.007900506513386172,-0.6258553834939252,improved,0.0041921636438928545,0.0018207955678614478,-0.0023713680760314064,-0.5656668673910229,improved,0.827390391000881,0.936094156211145,0.10870376521026404,0.13138146924665975,improved,0.10603309415727047,0.029828671840679454,-0.07620442231659101,-0.7186852644662339,improved,0.0036521965685968254,0.001652294935310593,-0.0019999016332862326,-0.5475887170154686,improved,0.05084085464477539,0.01059579849243164,-0.04024505615234375,-0.7915888989973833,improved,0.05084085464477539,0.01059579849243164,-0.04024505615234375,-0.7915888989973833,improved,8.0,0.0,-8.0,-1.0,improved,0.029562182093631817,0.011646326851150952,-0.017915855242480863,-0.6060396754791736,improved,0.029562182093631817,0.011646326851150952,-0.017915855242480863,-0.6060396754791736,improved
test,location2,r200y_p0.5_d3h,design,high-risk,reliable,improved,matched,,0.011883090225965122,0.0053680472954112934,-0.006515042930553829,-0.548261673240362,improved,0.004209870278524856,0.0018447563925292343,-0.0023651138859956218,-0.5618020816604261,improved,0.8443069949715527,0.9395181833620417,0.09521118839048903,0.11276844673506109,improved,0.11031506150727018,0.036630720051743226,-0.07368434145552695,-0.667944525876649,improved,0.0028952063931731824,0.0013675344245467403,-0.001527671968626442,-0.5276556352696136,improved,0.015074968338012695,0.012656688690185547,-0.0024182796478271484,-0.16041689730977873,improved,0.015074968338012695,0.012656688690185547,-0.0024182796478271484,-0.16041689730977873,improved,5.0,1.0,-4.0,-0.8,improved,-0.018432385385845306,-0.010115851962136026,0.00831653342370928,0.45119138134425923,improved,0.018432385385845306,0.010115851962136026,-0.00831653342370928,-0.45119138134425923,improved
test,location2,r200y_p0.7_d3h,design,high-risk,reliable,improved,matched,,0.010056093493384953,0.00408677858617102,-0.005969314907213933,-0.5936017710197938,improved,0.0040161261179794865,0.0017482592472030471,-0.002267866870776439,-0.5646901526880842,improved,0.842336379604409,0.943148041925223,0.10081166232081396,0.11968100246146164,improved,0.1148871858658,0.03239310409394268,-0.08249408177185732,-0.7180442374854482,improved,0.0025345522146459337,0.0012943104409266434,-0.0012402417737192902,-0.48933368448775355,improved,-0.0529017448425293,-0.015913009643554688,0.03698873519897461,0.6991968848868337,improved,0.0529017448425293,0.015913009643554688,-0.03698873519897461,-0.6991968848868337,improved,2.0,1.0,-1.0,-0.5,improved,0.005307757966083302,-0.003205838091607062,-0.008513596057690365,-1.6039910094040541,improved,0.005307757966083302,0.003205838091607062,-0.0021019198744762395,-0.39600899059594596,improved
test,location2,r300y_p0.1_d3h,design,high-risk,high-risk,unchanged,matched,,0.009740406075353992,0.006229938288286093,-0.0035104677870678993,-0.36040261154515774,improved,0.003810005922180911,0.001775424073760708,-0.0020345818484202027,-0.5340101537835863,improved,0.8305231358875743,0.9206012354523458,0.09007809956477153,0.10845947051012093,improved,0.14602006048249155,0.06803596108321132,-0.07798409939928024,-0.5340642863836567,improved,0.0013761972549398748,0.0006014195368002748,-0.0007747777181396,-0.562984496124031,improved,-0.018207311630249023,-0.002743244171142578,0.015464067459106445,0.8493328270064294,improved,0.018207311630249023,0.002743244171142578,-0.015464067459106445,-0.8493328270064294,improved,0.0,1.0,1.0,,degraded,-0.048682797483651855,-0.04422645414261829,0.004456343341033564,0.091538357928795,improved,0.048682797483651855,0.04422645414261829,-0.004456343341033564,-0.091538357928795,improved
test,location2,r300y_p0.5_d3h,design,high-risk,high-risk,unchanged,matched,,0.012170629789711907,0.006102813522616889,-0.006067816267095018,-0.4985622249576823,improved,0.004303432380159696,0.0019776610715780407,-0.002325771308581655,-0.5404456496875055,improved,0.8106114359815028,0.9213324503642247,0.11072101438272197,0.1365895044999692,improved,0.15982806279004894,0.06503436208251971,-0.09479370070752922,-0.5930979769932566,improved,0.0019250360442249587,0.0007811255436754266,-0.001143910500549532,-0.5942280945757997,improved,-0.05596137046813965,-0.008128643035888672,0.04783272743225098,0.8547454615945024,improved,0.05596137046813965,0.008128643035888672,-0.04783272743225098,-0.8547454615945024,improved,2.0,1.0,-1.0,-0.5,improved,-0.049511567783290314,-0.04199924247137808,0.007512325311912232,0.15172868984463003,improved,0.049511567783290314,0.04199924247137808,-0.007512325311912232,-0.15172868984463003,improved
test,location2,r300y_p0.6_d3h,design,high-risk,reliable,improved,matched,,0.012770114532960654,0.004140159278006779,-0.008629955254953876,-0.675793097444764,improved,0.0040990825509652495,0.0017312697794598837,-0.002367812771505366,-0.5776445685261438,improved,0.8410884811469682,0.943574213777486,0.10248573263051775,0.12184893138800439,improved,0.11180192121121026,0.037781998551576185,-0.07401992265963407,-0.6620630652652163,improved,0.002733247937394686,0.0009642050542748758,-0.00176904288311981,-0.6472310319590143,improved,-0.09180116653442383,0.017739057540893555,0.10954022407531738,1.1932334654401338,improved,0.09180116653442383,0.017739057540893555,-0.07406210899353027,-0.8067665345598662,improved,2.0,1.0,-1.0,-0.5,improved,-0.00466463833479669,-0.01988488810686557,-0.01522024977206888,-3.262900289295903,degraded,0.00466463833479669,0.01988488810686557,0.01522024977206888,3.262900289295903,degraded
test,location2,r300y_p0.8_d3h,design,high-risk,reliable,improved,matched,,0.015696815273507792,0.005280379175299763,-0.01041643609820803,-0.6636018782605099,improved,0.004537691401007275,0.0019413757254369557,-0.0025963156755703194,-0.5721666473383338,improved,0.8250535130430692,0.9322102475447824,0.10715673450171326,0.12987852643216308,improved,0.11448984486436677,0.04025447797932367,-0.07423536688504309,-0.6484013230429988,improved,0.003886470863519596,0.0015666394178528605,-0.002319831445666736,-0.5968992248062016,improved,-0.05893254280090332,0.011993885040283203,0.07092642784118652,1.203518878878231,improved,0.05893254280090332,0.011993885040283203,-0.04693865776062012,-0.796481121121769,improved,6.0,0.0,-6.0,-1.0,improved,-0.0068127595690061086,-0.010826473863731504,-0.004013714294725396,-0.5891466231958842,degraded,0.0068127595690061086,0.010826473863731504,0.004013714294725396,0.5891466231958842,degraded
test,location2,r500y_p0.1_d3h,design,high-risk,high-risk,unchanged,matched,,0.010566763255156323,0.006574595767539522,-0.003992167487616801,-0.37780419521263714,improved,0.004004571198796232,0.0018615973240230232,-0.002142973874773209,-0.5351319200960601,improved,0.8228358474727175,0.9178699661612378,0.0950341186885203,0.11549584158299728,improved,0.15764322916666668,0.0746484375,-0.08299479166666668,-0.5264722887585694,improved,0.0012178623374401096,0.0004184312970568104,-0.0007994310403832992,-0.6564215148188803,improved,-0.04387354850769043,-0.003966331481933594,0.039907217025756836,0.9095962916872714,improved,0.04387354850769043,0.003966331481933594,-0.039907217025756836,-0.9095962916872714,improved,3.0,1.0,-2.0,-0.6666666666666666,improved,-0.06606797762747323,-0.0500345367912298,0.016033440836243425,0.24268096908684844,improved,0.06606797762747323,0.0500345367912298,-0.016033440836243425,-0.24268096908684844,improved
test,location2,r500y_p0.3_d3h,design,high-risk,caution,improved,matched,,0.013403122306542694,0.00441501700823305,-0.008988105298309644,-0.6705978721034372,improved,0.0041787811787799,0.0017663187657793362,-0.002412462413000564,-0.5773124530308483,improved,0.8441715895448765,0.9452817064688153,0.10111011692393879,0.1197743659893256,improved,0.1220811649381312,0.042449040137458746,-0.07963212480067246,-0.6522883758606723,improved,0.0021676082647940605,0.0007037689171409288,-0.0014638393476531317,-0.6753246753246753,improved,-0.0005097389221191406,0.06174588203430176,0.0622556209564209,122.13236669784845,degraded,0.0005097389221191406,0.06174588203430176,0.06123614311218262,120.13236669784845,degraded,2.0,1.0,-1.0,-0.5,improved,-0.035039621076131004,-0.029191721203924194,0.00584789987220681,0.16689392443773887,improved,0.035039621076131004,0.029191721203924194,-0.00584789987220681,-0.16689392443773887,improved
test,location3,G1135_intensity_103,measured,caution,reliable,improved,matched,,0.011612455743546385,0.006542721437018081,-0.005069734306528304,-0.43657727689044634,improved,0.005174828149999182,0.002572658956826975,-0.0026021691931722066,-0.5028513252507947,improved,0.8478816042870301,0.9223198061780739,0.07443820189104378,0.08779315592492144,improved,0.09153097384829319,0.04371327322477908,-0.047817700623514106,-0.5224209752511639,improved,0.004294691890230587,0.002213397389754747,-0.00208129450047584,-0.48462021343377276,improved,0.03361308574676514,0.00778043270111084,-0.025832653045654297,-0.7685296506328755,improved,0.03361308574676514,0.00778043270111084,-0.025832653045654297,-0.7685296506328755,improved,2.0,2.0,0.0,0.0,unchanged,0.003978465927484123,-0.006169741724168291,-0.010148207651652414,-2.5507841053875437,degraded,0.003978465927484123,0.006169741724168291,0.0021912757966841678,0.5507841053875439,degraded
test,location3,G1135_intensity_161,measured,caution,reliable,improved,matched,,0.00886706231453772,0.00438102358137611,-0.004486038733161611,-0.5059216428203807,improved,0.004738734026129047,0.002289834141265601,-0.0024488998848634464,-0.5167835694850954,improved,0.8638617725105964,0.9332128604773737,0.06935108796677736,0.08028030661112126,improved,0.06799751276005907,0.03666088037930409,-0.03133663238075498,-0.46084968565441037,improved,0.004071085199275242,0.0016661429325987684,-0.002404942266676473,-0.5907373953030055,improved,0.043738722801208496,0.001681685447692871,-0.042057037353515625,-0.9615515648379562,improved,0.043738722801208496,0.001681685447692871,-0.042057037353515625,-0.9615515648379562,improved,3.0,0.0,-3.0,-1.0,improved,0.009815058692295538,-0.022153028573461398,-0.031968087265756936,-3.257044941651823,degraded,0.009815058692295538,0.022153028573461398,0.01233796988116586,1.2570449416518226,degraded
test,location3,G1166_intensity_246,measured,high-risk,reliable,improved,matched,,0.010215940152172637,0.005997606021625255,-0.004218334130547382,-0.41291687967164364,improved,0.005017586789714794,0.002596821558351318,-0.0024207652313634758,-0.48245607556318426,improved,0.8302860594081151,0.8986547600246938,0.06836870061657874,0.08234354875874544,improved,0.0894201240440778,0.057716625519359306,-0.031703498524718494,-0.35454545454545455,improved,0.004264369677835634,0.002140814478676824,-0.0021235551991588097,-0.49797633872976343,improved,0.006196022033691406,-0.01226341724395752,-0.018459439277648926,-2.9792404186547636,degraded,0.006196022033691406,0.01226341724395752,0.006067395210266113,0.9792404186547637,degraded,0.0,0.0,0.0,,unchanged,0.006060189866617536,-0.018195590307835467,-0.024255780174453002,-4.00247858702672,degraded,0.006060189866617536,0.018195590307835467,0.012135400441217931,2.00247858702672,degraded
test,location3,G1166_intensity_394,measured,caution,reliable,improved,matched,,0.013354511044129791,0.007313425460972894,-0.006041085583156898,-0.45236291790798006,improved,0.006463187087016801,0.0033311142081705234,-0.003132072878846278,-0.4846019211076159,improved,0.8624878864060898,0.9227339627382705,0.06024607633218071,0.06985150433036312,improved,0.09321796140159178,0.05111262052773799,-0.042105340873853786,-0.4516869950894979,improved,0.004839232568396945,0.002670761045151793,-0.0021684715232451516,-0.4481023576768257,improved,-0.0034842491149902344,0.016208291053771973,0.019692540168762207,5.651874914465581,degraded,0.0034842491149902344,0.016208291053771973,0.012724041938781738,3.651874914465581,degraded,95.0,86.0,-9.0,-0.09473684210526316,improved,-0.02424872542221064,-0.016357598174050074,0.007891127248160566,0.3254244134800043,improved,0.02424872542221064,0.016357598174050074,-0.007891127248160566,-0.3254244134800043,improved
test,location3,G3501_intensity_151,measured,caution,reliable,improved,matched,,0.009481738155917257,0.004587842422608209,-0.004893895733309048,-0.5161390931529701,improved,0.005122754451197882,0.002520883494677643,-0.0026018709565202394,-0.507904679271096,improved,0.8806668075663109,0.9468519957935165,0.06618518822720565,0.07515349466855221,improved,0.06136489492505373,0.028157645269984887,-0.03320724965506884,-0.5411440807586417,improved,0.00478271810879064,0.001917724700116823,-0.0028649934086738167,-0.5990303721659774,improved,0.017031311988830566,0.03389286994934082,0.016861557960510254,0.9900328272753361,degraded,0.017031311988830566,0.03389286994934082,0.016861557960510254,0.9900328272753361,degraded,3.0,0.0,-3.0,-1.0,improved,0.007158949134783226,-0.014507100108913339,-0.021666049243696563,-3.0264287168109085,degraded,0.007158949134783226,0.014507100108913339,0.007348150974130113,1.026428716810909,degraded
test,location3,G3531_intensity_128,measured,high-risk,reliable,improved,matched,,0.013891983002547268,0.006710168197021694,-0.007181814805525574,-0.5169754961698916,improved,0.0061841910937801,0.0030032737219395735,-0.003180917371840527,-0.5143627232088303,improved,0.8524525008182796,0.9293030125957668,0.07685051177748714,0.09015225095089449,improved,0.07471006708003079,0.031399883265520186,-0.04331018381451061,-0.5797101449275363,improved,0.006943952725300365,0.0034365725842764603,-0.0035073801410239044,-0.5050985050985051,improved,0.01670241355895996,0.0033969879150390625,-0.013305425643920898,-0.7966169438298479,improved,0.01670241355895996,0.0033969879150390625,-0.013305425643920898,-0.7966169438298479,improved,86.0,11.0,-75.0,-0.872093023255814,improved,0.02533135892684273,0.0023225989776382073,-0.02300875994920452,-0.9083113154589968,improved,0.02533135892684273,0.0023225989776382073,-0.02300875994920452,-0.9083113154589968,improved
test,location3,r100y_p0.5_d3h,design,high-risk,reliable,improved,matched,,0.012039682549643854,0.006647369943175719,-0.005392312606468135,-0.4478783044514446,improved,0.006287606083787978,0.0030888818049182496,-0.003198724278869728,-0.5087348406124469,improved,0.889873189494561,0.9482837106299212,0.05841052113536027,0.06563915153858817,improved,0.05903810467983426,0.020355118330410024,-0.038682986349424235,-0.6552206673842842,improved,0.006382161033353397,0.003676418642635718,-0.0027057423907176793,-0.4239539517378792,improved,0.020245909690856934,0.011242866516113281,-0.009003043174743652,-0.44468454676597874,improved,0.020245909690856934,0.011242866516113281,-0.009003043174743652,-0.44468454676597874,improved,48.0,0.0,-48.0,-1.0,improved,0.021094427722207945,0.007266210638721563,-0.013828217083486381,-0.6555388591522779,improved,0.021094427722207945,0.007266210638721563,-0.013828217083486381,-0.6555388591522779,improved
test,location3,r100y_p0.8_d3h,design,high-risk,reliable,improved,matched,,0.013666005032846453,0.006369230277367184,-0.007296774755479269,-0.5339361970042714,improved,0.006810562723937134,0.0031341282301582396,-0.0036764344937788946,-0.5398136164075406,improved,0.8808870982784026,0.945578100087435,0.06469100180903242,0.07343847121323936,improved,0.056818181818181816,0.02088326143686425,-0.03593492038131757,-0.6324545987111893,improved,0.007467061423486344,0.003745128802064882,-0.003721932621421462,-0.49844676645015534,improved,0.028523802757263184,0.06764817237854004,0.039124369621276855,1.3716393271340508,degraded,0.028523802757263184,0.06764817237854004,0.039124369621276855,1.3716393271340508,degraded,11.0,37.0,26.0,2.3636363636363638,degraded,0.03263270241654788,0.010366427165639503,-0.022266275250908376,-0.6823301045278205,improved,0.03263270241654788,0.010366427165639503,-0.022266275250908376,-0.6823301045278205,improved
test,location3,r200y_p0.5_d3h,design,high-risk,reliable,improved,matched,,0.012519146963999575,0.005778808235931161,-0.006740338728068414,-0.5384023965411644,improved,0.0063772348609442515,0.002957161263717959,-0.0034200735972262923,-0.536294126184949,improved,0.8922807845212959,0.9570994528711044,0.06481866834980854,0.07264380167570618,improved,0.06790153136043464,0.02119744212323004,-0.0467040892372046,-0.6878208532483625,improved,0.005279151581683583,0.00268259110002588,-0.0025965604816577032,-0.4918518518518519,improved,-0.018042683601379395,-0.00523829460144043,0.012804388999938965,0.7096720910718651,improved,0.018042683601379395,0.00523829460144043,-0.012804388999938965,-0.7096720910718651,improved,0.0,0.0,0.0,,unchanged,0.0005080168069987569,-0.00028374345270113546,-0.0007917602596998923,-1.5585316249228536,improved,0.0005080168069987569,0.00028374345270113546,-0.00022427335429762145,-0.44146837507714626,improved
test,location3,r200y_p0.7_d3h,design,high-risk,reliable,improved,matched,,0.011652030784489648,0.005077766417103891,-0.006574264367385756,-0.564216185914729,improved,0.006190790833594899,0.0027919472001182535,-0.003398843633476645,-0.5490160667410222,improved,0.8923557972188714,0.957988904128208,0.06563310690933666,0.07355037879945389,improved,0.06625344612119043,0.02621878081099242,-0.040034665310198,-0.6042654028436019,improved,0.005224857759507989,0.0018569254831720108,-0.003367932276335978,-0.6445978878960195,improved,-0.01941215991973877,0.011645317077636719,0.03105747699737549,1.5998980600708668,improved,0.01941215991973877,0.011645317077636719,-0.007766842842102051,-0.40010193992913334,improved,0.0,0.0,0.0,,unchanged,0.00752344945974139,-0.006601050215441366,-0.014124499675182756,-1.8773967647106744,improved,0.00752344945974139,0.006601050215441366,-0.0009223992443000237,-0.12260323528932568,improved
test,location3,r300y_p0.1_d3h,design,high-risk,reliable,improved,matched,,0.013786442163568785,0.007148271516389636,-0.0066381706471791485,-0.48149990899905815,improved,0.006324201822280884,0.0030664989996391037,-0.00325770282264178,-0.5151168343749755,improved,0.8835645273889016,0.9477292713908824,0.0641647440019808,0.07262032597845414,improved,0.08881573523996901,0.04053615884722551,-0.0482795763927435,-0.5435925994678547,improved,0.004089429672665887,0.0016198110148586925,-0.0024696186578071944,-0.6039029535864979,improved,-0.003186941146850586,-0.009911060333251953,-0.006724119186401367,-2.1098975087903047,degraded,0.003186941146850586,0.009911060333251953,0.006724119186401367,2.1098975087903047,degraded,0.0,0.0,0.0,,unchanged,-0.013749757843001543,-0.019197928628292674,-0.005448170785291131,-0.39623758087231936,degraded,0.013749757843001543,0.019197928628292674,0.005448170785291131,0.39623758087231936,degraded
test,location3,r300y_p0.5_d3h,design,high-risk,reliable,improved,matched,,0.01335117237639418,0.005549564026458606,-0.007801608349935573,-0.5843388228384625,improved,0.00664839781044672,0.002960308842981855,-0.0036880889674648647,-0.554733497094551,improved,0.8878520377299308,0.9580926096640652,0.07024057193413435,0.07911292529521717,improved,0.07627128521311437,0.024883739903728483,-0.051387545309385885,-0.6737469437652811,improved,0.00494838239135182,0.0021758895170510095,-0.0027724928743008107,-0.560282665128353,improved,-0.031658291816711426,-0.006300210952758789,0.025358080863952637,0.8009933388309629,improved,0.031658291816711426,0.006300210952758789,-0.025358080863952637,-0.8009933388309629,improved,0.0,0.0,0.0,,unchanged,-0.011413893259057466,-0.00457282251870436,0.006841070740353106,0.5993634761674674,improved,0.011413893259057466,0.00457282251870436,-0.006841070740353106,-0.5993634761674674,improved
test,location3,r300y_p0.6_d3h,design,high-risk,reliable,improved,matched,,0.0172178380688182,0.0064019663068341755,-0.010815871761984026,-0.6281782717873131,improved,0.007314318829836945,0.003163086463852475,-0.00415123236598447,-0.5675487304505444,improved,0.8644162512379867,0.9457131759818519,0.08129692474386518,0.09404835300983129,improved,0.10690378602093373,0.039603734001017535,-0.06730005201991619,-0.6295385273514785,improved,0.004151850127080664,0.0019428712862079745,-0.0022089788408726895,-0.5320468642315644,improved,-0.03551077842712402,-0.002830028533935547,0.03268074989318848,0.9203050831526154,improved,0.03551077842712402,0.002830028533935547,-0.03268074989318848,-0.9203050831526154,improved,0.0,0.0,0.0,,unchanged,-0.03522877066194096,-0.01147969273382046,0.023749077928120498,0.6741387077062433,improved,0.03522877066194096,0.01147969273382046,-0.023749077928120498,-0.6741387077062433,improved
test,location3,r300y_p0.8_d3h,design,high-risk,reliable,improved,matched,,0.014996579659864862,0.00560080424438324,-0.009395775415481622,-0.6265278902646985,improved,0.006915983045473695,0.0029880962683819234,-0.003927886777091771,-0.5679433785862816,improved,0.8851726040124264,0.9541325034412592,0.06895989942883285,0.07790559616987962,improved,0.06907438733198576,0.026412052445481247,-0.04266233488650451,-0.6176288568649987,improved,0.006006615509189114,0.0023695757543930117,-0.0036370397547961027,-0.6055056710775047,improved,-0.05742490291595459,0.004656076431274414,0.062080979347229004,1.0810811371869258,improved,0.05742490291595459,0.004656076431274414,-0.052768826484680176,-0.9189188628130741,improved,48.0,0.0,-48.0,-1.0,improved,-0.0003921621169694309,-0.0023024744282312,-0.0019103123112617693,-4.871231127637651,degraded,0.0003921621169694309,0.0023024744282312,0.0019103123112617693,4.871231127637651,degraded
test,location3,r500y_p0.1_d3h,design,high-risk,reliable,improved,matched,,0.014778151915862445,0.007673854180508414,-0.007104297735354031,-0.48072978108504094,improved,0.006708830827847123,0.0032557239561962583,-0.003453106871650865,-0.5147106791421321,improved,0.8761062859736348,0.9451365822479751,0.06903029627434032,0.07879214814401833,improved,0.10017904249345806,0.044389825301141,-0.05578921719231706,-0.5568950930626058,improved,0.0036919777874432295,0.0015114711411607115,-0.002180506646282518,-0.5906066536203523,improved,-0.01845550537109375,-0.00998997688293457,0.00846552848815918,0.4586993592393551,improved,0.01845550537109375,0.00998997688293457,-0.00846552848815918,-0.4586993592393551,improved,0.0,0.0,0.0,,unchanged,-0.027172683285216995,-0.02134597800279023,0.005826705282426764,0.214432458556521,improved,0.027172683285216995,0.02134597800279023,-0.005826705282426764,-0.214432458556521,improved
test,location3,r500y_p0.3_d3h,design,high-risk,reliable,improved,matched,,0.018628359356128065,0.007034550849530651,-0.011593808506597414,-0.6223741063264095,improved,0.00762755280205359,0.003370481717865914,-0.004257071084187676,-0.5581175502372834,improved,0.869264648776799,0.947333523271776,0.07806887449497701,0.08981024893262714,improved,0.10855816439346702,0.04175596158179065,-0.06680220281167637,-0.6153586253499372,improved,0.0035231115102057355,0.0015904290612922996,-0.001932682448913436,-0.5485726021770384,improved,-0.04053914546966553,-0.008729219436645508,0.03180992603302002,0.7846718440777847,improved,0.04053914546966553,0.008729219436645508,-0.03180992603302002,-0.7846718440777847,improved,0.0,0.0,0.0,,unchanged,-0.04946162204079427,-0.02160830489856146,0.027853317142232808,0.5631298771249422,improved,0.04946162204079427,0.02160830489856146,-0.027853317142232808,-0.5631298771249422,improved
